# Parameters: n_bins=90, n_traj=5, diffusion=0.5, dt=0.005, basis: standard
1.000000000000000000e+03,7.086587887864719340e-04,4.427799425743697082e-04,4.709215348731004137e-04,3.735467481801529139e-04,3.485927640405580338e-04,3.297014762432577272e-04,3.334170142186821360e-04,3.286167284798542925e-04,3.205622677427875065e-04,3.279568087817355017e-04,3.290490076819868148e-04,2.996867251209508771e-04,2.994999484485176946e-04,3.000659764374230716e-04,3.057224402937762896e-04,3.049177020917922371e-04,3.041088632770569183e-04,3.065422517127555993e-04,3.278506966287619189e-04,3.467145567887359135e-04
1.000000000000000000e+03,7.870292295559080985e-04,7.823400430799039773e-04,3.632948115622472635e-04,1.834923406597020507e-04,1.834508319070676883e-04,1.770861727848941042e-04,1.801899290045966176e-04,1.814799197088880287e-04,1.899840634549638065e-04,1.918218573704105669e-04,1.918829924413581695e-04,1.937314016201320814e-04,2.018586263553958716e-04,2.071859776885489376e-04,2.152854862300067611e-04,2.161037371580981680e-04,2.165484563631513712e-04,2.172745376887235899e-04,2.282137295112267143e-04,2.467936425907198725e-04
1.000000000000000000e+03,6.003085272285521839e-04,5.942851380672077924e-04,5.068340315383678980e-04,3.738258357678031561e-04,3.391354674879844787e-04,3.364978726460993706e-04,3.374038285163455451e-04,3.330496884037580183e-04,3.477939975173382028e-04,3.301578565749441435e-04,3.287275942354894948e-04,3.319547339114510619e-04,3.471536997452872686e-04,3.507696073737645256e-04,3.521375317021360209e-04,3.652094944434215555e-04,3.691225523882774744e-04,3.608086294688227745e-04,3.601729512976699983e-04,3.457447473616158330e-04
1.000000000000000000e+03,4.923788793557953413e-04,4.934054700371937746e-04,4.102234621285735057e-04,3.120111153974819938e-04,1.827046085413585848e-04,1.859622332220426636e-04,1.864371135237121227e-04,1.855426268979447628e-04,1.878696918656860935e-04,1.926235139757358347e-04,1.930638316704391590e-04,1.903572417048415735e-04,1.968463593915897630e-04,1.977640938722707278e-04,1.925757294772233966e-04,1.956468139630154822e-04,2.034654946295845826e-04,2.092240455597952091e-04,2.145152834986370570e-04,2.228504309585298986e-04
1.000000000000000000e+03,6.694170326908803351e-04,6.441768252836760269e-04,3.024438412091594091e-04,2.173802669271291993e-04,2.063659156639469213e-04,2.159374706192199482e-04,2.250942511724806651e-04,2.444348606325483252e-04,2.465981798946624798e-04,2.500934567126158656e-04,2.572899946479725560e-04,2.585477907891924054e-04,2.896341271287062018e-04,3.298527656354681642e-04,3.339030978007224678e-04,3.071554548422271240e-04,3.512726744535513515e-04,3.542217239274691272e-04,3.560477096244484105e-04,2.927996378748873503e-04
1.000000000000000000e+03,6.489955474450639743e-04,6.024446406164823270e-04,3.512510201352747564e-04,2.166277503925923811e-04,2.195584322953822855e-04,2.207351930624916188e-04,2.253443132954664090e-04,2.066986390390212222e-04,2.100059990843885496e-04,2.088846652423015132e-04,2.221945255756019950e-04,2.348429805453360877e-04,2.359743848893165047e-04,2.575845341542324480e-04,2.547355286890043251e-04,2.610887326036835329e-04,2.594814571524127044e-04,2.582878501304938356e-04,2.375775956892452645e-04,2.382895045994190065e-04
1.000000000000000000e+03,5.112698885513042172e-04,5.196505975157565725e-04,3.263890601354721855e-04,2.465501166330609593e-04,1.936036819866724669e-04,2.085716210760183115e-04,1.955284983180529345e-04,2.038707540537113829e-04,2.171603071206508928e-04,2.211018764666737840e-04,2.302331363994480950e-04,2.354729932790624865e-04,2.409778333555977659e-04,2.436920233264048511e-04,2.580249785529123473e-04,2.614218602481033996e-04,2.694589303103300001e-04,2.988536734242352869e-04,2.825919272137082162e-04,2.697380466145632818e-04
1.000000000000000000e+03,4.398177630183993389e-04,4.362762793187173883e-04,2.337770227539311531e-04,1.606860641154009490e-04,1.562451018800183164e-04,1.592111059771363047e-04,1.681641266274112726e-04,1.729585110879428749e-04,1.772130438496951276e-04,1.773273147935647688e-04,1.880370381219730286e-04,1.909925359029747915e-04,1.985022577079846226e-04,1.963052925498786619e-04,1.968431017858032956e-04,1.808540051735380439e-04,1.933100643507653347e-04,1.888394121066596417e-04,1.761617336271741020e-04,1.746267792486415435e-04
1.000000000000000000e+03,5.692886463184095329e-04,5.483543312092341131e-04,4.417797494660213073e-04,2.801358000080123511e-04,2.485721616529923883e-04,2.555979597111293460e-04,2.551398741347459627e-04,2.599618371534207092e-04,2.646648898354438941e-04,2.662372448573124915e-04,2.701198920070117999e-04,2.735822921760988234e-04,2.798660934509301880e-04,2.795718250912503111e-04,2.909921423362013732e-04,3.088738367622427560e-04,3.443006904829748536e-04,3.442726423431947068e-04,3.619998300400130691e-04,3.624957552557102987e-04
1.000000000000000000e+03,5.696564507782274443e-04,4.441826506452932282e-04,3.048135651207956693e-04,1.664451051992052867e-04,1.493771564441498335e-04,1.364907778776009719e-04,1.359123850012591134e-04,1.349245036304379155e-04,1.386133920528443678e-04,1.430232700054232550e-04,1.525303218579876139e-04,1.583229386481994428e-04,1.706325076764656065e-04,1.946655726265612472e-04,1.725859379537545975e-04,2.537354189482140068e-04,5.052498097552174557e-04,5.922275418291817481e-04,2.849397290089906022e-04,2.582283248445054564e-04
1.000000000000000000e+03,6.007258303481385333e-04,6.054829976575920245e-04,3.061056694270376040e-04,1.720567427527286192e-04,1.340096721410395869e-04,1.357404114286339441e-04,1.348658311948892474e-04,1.356805616255022371e-04,1.392385990118405882e-04,1.428068561676497307e-04,1.554269644327956545e-04,2.021850573120154745e-04,2.796069006569849792e-04,2.625301461774094463e-04,2.709424224732190421e-04,1.821225815805852064e-04,9.728990674267907644e-04,4.112253585475829885e-04,2.887626663612825298e-04,3.238117078467813727e-04
1.000000000000000000e+03,5.547152938361052995e-04,5.036800343883991943e-04,4.448747531618764493e-04,2.938513360992726291e-04,2.496285707210320142e-04,2.225596948503200177e-04,2.276014872639766902e-04,2.251422416968980442e-04,2.261972517276135018e-04,2.328910487868469210e-04,2.259031067051167022e-04,2.224575821762373546e-04,2.354613010656994576e-04,2.375332948029163492e-04,2.321586351036596812e-04,2.308513704563310465e-04,2.352140942460624530e-04,2.379143789188265044e-04,2.587724834071982718e-04,2.975998696385707986e-04
1.000000000000000000e+03,8.084600573445721193e-04,7.985528962547928282e-04,3.945343135439112535e-04,2.206506232282687665e-04,2.368929053463489636e-04,2.453457666872010880e-04,2.614873251638913355e-04,2.713314668148430553e-04,2.890541734261772963e-04,2.931728928416118055e-04,3.012945894225233412e-04,3.090052289225760996e-04,3.098015666626111595e-04,3.110380030666355677e-04,2.960312493679029939e-04,2.998169848766449232e-04,3.006715340260712700e-04,2.992269006847428641e-04,2.807505926227951503e-04,1.162583586993645116e-03
1.000000000000000000e+03,5.241923124106861185e-04,5.315695987309723182e-04,3.926645323481224863e-04,1.289893302474372607e-04,1.276696542537273532e-04,1.379649608411194462e-04,1.412456916651588161e-04,1.441525617097369494e-04,1.482787901943003795e-04,1.554839975384249523e-04,1.641667667161388338e-04,1.711965879016033544e-04,1.673896668393593586e-04,1.726889345923449993e-04,1.715324749283022351e-04,1.822631910765295713e-04,1.838635199592454574e-04,1.867024277772890578e-04,1.817142293245463337e-04,1.824412186398693221e-04
1.000000000000000000e+03,4.793768762663270762e-04,4.137219343305933951e-04,3.079356270758691616e-04,2.159872810863305663e-04,2.224001178848501140e-04,2.245728963723142959e-04,2.262371121524390106e-04,2.354195418406171913e-04,2.344568848200368123e-04,2.390304033055390778e-04,2.396236253377348067e-04,2.797773741308538895e-04,2.373154239992970036e-04,2.174637633396575033e-04,2.872921991091902084e-04,2.317677664802378053e-04,2.559458226766240250e-04,3.881168172762847158e-04,2.299393161342061292e-04,2.548179088194400159e-04
1.000000000000000000e+03,3.988529855902002148e-04,2.667600269863397585e-04,1.515583213305012305e-04,1.399184652648863757e-04,1.417134511276107892e-04,1.410264119315855096e-04,1.395584518689992439e-04,1.406345034961792068e-04,1.419164820075664705e-04,1.443901412863846285e-04,1.478034804862817105e-04,1.527406497242739800e-04,1.531737857975350246e-04,1.532305852124921217e-04,1.589876984922075696e-04,1.608205356410369454e-04,1.698329766166746795e-04,1.639844801837534848e-04,1.779801105255204039e-04,1.853462787901554549e-04
1.000000000000000000e+03,4.373601243943650075e-04,4.503848085771666103e-04,3.394661239677317695e-04,2.051890371473261393e-04,2.070678552196650118e-04,1.774809578303696402e-04,1.826285091990313561e-04,1.850996306515242864e-04,1.908201237753865797e-04,1.773040062123789002e-04,1.759498478325164110e-04,1.963528042223345129e-04,1.995507909673302602e-04,2.188566898268106840e-04,2.307596408431097023e-04,2.386219789663704025e-04,2.321379299198296877e-04,2.396769870300285109e-04,2.664029831389326790e-04,5.026814331067657772e-04
1.000000000000000000e+03,6.077202300922201952e-04,6.104787901755542390e-04,4.583020638633717890e-04,2.412128887615180015e-04,2.487187571512164928e-04,2.488287949339930720e-04,2.512984755603569955e-04,2.540333822227014318e-04,2.655094593029497674e-04,2.684735783451067527e-04,2.712845129509028905e-04,2.726459122145026819e-04,2.847523537011566208e-04,2.996091887767161530e-04,3.099562282015956528e-04,3.134503801851702405e-04,3.150337101841686250e-04,3.158439317118732397e-04,3.509319806257081499e-04,3.918665271172312031e-04
1.000000000000000000e+03,6.749680541677369932e-04,6.788053046164208362e-04,3.760330914891110016e-04,1.944266241688236260e-04,1.942923152364038641e-04,2.039826848812348542e-04,2.093840260251577366e-04,2.157194863289932027e-04,2.172159729946856490e-04,2.262075826033189117e-04,2.362990349231184424e-04,2.457373105765785020e-04,2.511798025385564184e-04,2.522981797351881881e-04,2.597691070897668224e-04,2.839695097265744440e-04,2.853393692752615872e-04,3.191932588729556831e-04,3.188637826650598910e-04,3.441492835463078265e-04
1.000000000000000000e+03,4.040613255348963410e-04,4.099032564951465016e-04,2.932743076521909385e-04,1.357439643078728829e-04,9.117235158171014327e-05,8.915893552859469886e-05,9.165856104863762479e-05,9.273222689147474402e-05,9.581388271584449627e-05,9.242078839494560002e-05,9.613233606507762903e-05,9.811715683476661864e-05,1.059579178328958697e-04,1.067258843650697878e-04,1.148299447713551242e-04,1.199482430315933960e-04,1.197671785535932098e-04,1.187972772160933503e-04,1.319090584349266162e-04,1.275721499096501275e-04
3.162000000000000000e+03,6.301319650630560817e-04,6.414462083356749353e-04,1.836347331739292396e-04,8.197938334193643670e-05,3.745093262222493974e-05,3.712138718951703319e-05,3.698001746097274642e-05,3.711279390557733939e-05,3.816454386454572060e-05,4.104441475750910794e-05,4.237697735705094488e-05,4.475201216231747996e-05,4.831811096091268633e-05,4.889175214201138271e-05,5.277824104674914540e-05,5.366402886930774174e-05,5.454199230399013523e-05,5.502863752041174189e-05,5.601718689721519532e-05,6.181311752262243805e-05
3.162000000000000000e+03,6.149368265640352705e-04,6.197945889055942207e-04,3.119326279224498297e-04,7.836580255353924962e-05,7.787838522318141319e-05,8.339003359291009647e-05,8.389211465144231388e-05,8.454412718317109478e-05,8.671332217884959281e-05,9.116364204427409093e-05,9.225817125829714521e-05,9.118095193129555369e-05,9.926782004978711930e-05,9.841061343560895134e-05,1.014407890277363406e-04,1.008478003673961705e-04,1.078156515647451613e-04,1.098255790154584904e-04,1.137316386308831066e-04,1.291831900171574717e-04
3.162000000000000000e+03,5.106085835443099474e-04,5.080523071783699194e-04,2.763492165496424279e-04,1.354713648730958937e-04,6.721905260105482695e-05,7.292052261882861139e-05,7.401291732103397491e-05,7.650364581787771434e-05,7.657095955852330385e-05,7.820221361909758431e-05,7.918406034374779999e-05,8.192700931853356494e-05,8.311969404537659174e-05,8.421619868200137414e-05,8.597131424728077893e-05,8.679002057284921116e-05,8.872363448202826117e-05,8.832492245894174164e-05,9.287127140497023359e-05,8.845219111107471886e-05
3.162000000000000000e+03,4.946798589600722709e-04,4.889146963508414793e-04,2.725229847130587377e-04,1.010212016962960791e-04,6.499343120302293337e-05,6.496408056480886277e-05,6.847895650164845195e-05,6.891926285064766918e-05,6.950327859513886293e-05,6.836035733482328711e-05,6.882302000574466174e-05,7.042461341144869917e-05,7.227615687149814268e-05,7.466570572163990351e-05,7.514184720973143741e-05,7.787643755321518836e-05,8.072038233978255520e-05,8.070484708005027383e-05,8.464786159614476281e-05,8.507291872212095025e-05
3.162000000000000000e+03,4.906112952209134258e-04,4.095453186014505974e-04,2.328531689521394033e-04,5.921794393301740161e-05,5.157235985725047760e-05,3.571113890972504894e-05,3.739816849650851765e-05,3.503616546901477317e-05,3.560017760978572945e-05,3.595616734052993458e-05,3.651729279687161711e-05,3.718258170508432001e-05,3.710961459026167832e-05,3.791897443157818377e-05,3.855773481919131800e-05,4.091241680243374397e-05,4.222698838481288324e-05,4.257080259308805955e-05,4.094394854228431378e-05,5.031451101916801431e-05
3.162000000000000000e+03,6.471075452071799227e-04,5.820605868856493659e-04,2.617804546303374768e-04,1.602955925202340180e-04,7.470234866157273476e-05,7.678557931358224401e-05,7.715567030122030682e-05,7.857277542095774216e-05,7.932968619339621132e-05,8.607531730601093918e-05,8.650015864403955742e-05,8.825282402632773091e-05,9.471108600671319380e-05,9.677891251636867474e-05,9.673456204236460679e-05,9.743763292941731431e-05,9.170425495842358336e-05,9.089986612035418697e-05,9.609635109692591542e-05,1.117868963849442341e-04
3.162000000000000000e+03,4.505565153088607550e-04,4.495810133556583260e-04,1.860408339539362365e-04,4.263382726199229706e-05,4.848832205610148044e-05,5.072821395148067704e-05,5.167700633458944891e-05,5.252304964820171982e-05,5.297373253427676329e-05,5.709508184177416990e-05,5.708067672485221038e-05,5.785646778622517754e-05,5.985491242817431591e-05,6.132791912451031086e-05,6.236181624341719800e-05,6.279918984158860908e-05,6.399536229816819106e-05,6.398161975990577230e-05,6.623580002188510230e-05,1.327055878618041006e-04
3.162000000000000000e+03,3.647422804532540839e-04,2.992983565444524161e-04,2.210574610676450361e-04,1.118449019637705400e-04,9.386911876409478254e-05,8.801701590120101810e-05,8.814547487460856615e-05,8.760071583432173800e-05,8.997902560876298102e-05,9.053561204010681404e-05,9.476753395522577396e-05,9.497299593402594811e-05,9.704240476226742818e-05,9.645660054216607135e-05,9.633561993693086974e-05,1.061182839493828489e-04,1.053767512822111947e-04,1.075434284559206145e-04,1.083163522085322481e-04,1.082941317835496120e-04
3.162000000000000000e+03,4.068902718963481307e-04,4.373818140920697223e-04,2.946151760037232846e-04,8.853458842007132451e-05,8.050903668868632072e-05,7.538986414236601417e-05,7.909200690293617046e-05,7.957855337937898483e-05,7.887754783751998815e-05,7.983411673322812698e-05,8.035480837633551235e-05,8.054508373590514093e-05,8.276404861192742670e-05,8.573226936532114372e-05,8.331150676200605875e-05,8.245405111967265676e-05,8.258743127044104488e-05,8.387790846630383533e-05,1.117001499662766654e-04,1.170253888083398113e-04
3.162000000000000000e+03,3.059638482344851176e-04,2.604375130506972227e-04,1.354144305720633159e-04,5.469701104314116173e-05,3.714819879927276316e-05,3.726468255971708110e-05,3.699078441995713398e-05,3.929870242118636982e-05,3.939478591878753746e-05,3.816294302716696676e-05,4.096897797224958798e-05,4.142126340878464767e-05,4.105886110923981396e-05,4.270379372139523715e-05,4.421773630598645124e-05,4.576285805310291492e-05,4.610966264884822986e-05,4.641365558235128829e-05,4.771546578571401472e-05,4.852617925383609490e-05
3.162000000000000000e+03,4.002625927677870283e-04,4.119994232199902188e-04,7.688074974637336585e-05,4.391548470882701240e-05,4.437646008070157396e-05,4.680004443819665188e-05,4.605669687154267033e-05,4.675733241784564353e-05,4.791569079416246391e-05,5.042417738226415429e-05,4.910899016961296011e-05,4.915933693786961491e-05,4.931682963102715990e-05,4.831512308909997563e-05,4.793099382880358514e-05,4.858850013409275325e-05,4.804006442086533764e-05,4.767770334604968710e-05,4.840401450277606143e-05,5.156625066427730607e-05
3.162000000000000000e+03,6.052410279796418928e-04,5.286729602509831084e-04,1.835240827841066774e-04,1.008383459351015136e-04,6.187596097261868603e-05,5.318650875604865078e-05,5.528267576689995438e-05,5.758017006917504559e-05,5.766242754671375585e-05,6.239528920988728197e-05,6.253044553320944593e-05,6.279094588252058377e-05,6.397036184252095177e-05,6.616285559858274068e-05,6.927207450406042924e-05,7.094953948362876437e-05,8.349024100893255313e-05,8.523691013586976774e-05,8.959045641866870263e-05,9.698057678426280376e-05
3.162000000000000000e+03,5.938182392509987586e-04,4.728252703216253953e-04,2.388893248663786400e-04,7.140103364978866052e-05,7.067876188654646330e-05,6.482031436552996521e-05,7.180000331596417230e-05,7.207764061941777792e-05,7.634792500884944415e-05,8.256943901620206921e-05,8.502652630486193773e-05,8.560038489859603467e-05,9.270000546015717802e-05,9.523657286202159399e-05,9.628032169605970345e-05,9.830604146563001917e-05,1.080991505626073947e-04,1.137509231548927392e-04,1.156861304227992321e-04,1.220244820392937850e-04
3.162000000000000000e+03,7.784119064723496679e-04,5.610301004457886364e-04,2.533254907493054961e-04,1.071156280588796909e-04,8.374135406832648027e-05,7.652781644448671883e-05,7.427778688377440126e-05,7.494435538420899203e-05,7.865613198499322046e-05,7.772818397374313924e-05,7.903878924049538416e-05,8.251787744273532789e-05,8.441224960999486849e-05,9.088634377488655192e-05,9.221265116236752022e-05,9.677691936895295270e-05,9.987194062490513434e-05,1.013530026025967441e-04,1.108595082699397305e-04,1.465348822051163629e-04
3.162000000000000000e+03,5.451659160330144319e-04,3.328741936035898501e-04,9.396500453984367907e-05,9.640062536169996337e-05,9.572635516644143448e-05,9.049049591835158662e-05,9.096667922315186693e-05,9.122132431980140162e-05,8.764686016630457855e-05,8.702821569887264348e-05,8.888359467906202527e-05,8.436477353207970582e-05,8.229600036647696272e-05,8.135051643820949700e-05,8.094593175186625973e-05,8.415712678689538215e-05,8.467431026110422562e-05,9.480683546707118978e-05,9.191797840384609481e-05,9.392886846012552253e-05
3.162000000000000000e+03,4.177591889711251751e-04,3.795466676461734554e-04,2.240979607451794905e-04,1.254485217813896430e-04,8.404946320759294992e-05,8.688912719327600005e-05,9.387860417567767948e-05,9.896746694251512013e-05,9.915706373288383807e-05,1.005637525881272401e-04,1.024417274813442660e-04,1.081963585902868778e-04,1.072507134628191431e-04,1.094858029757874238e-04,1.132317991255437468e-04,1.152097090910088117e-04,1.156819661940355920e-04,1.143632595339127013e-04,1.163979591584286566e-04,1.139781261773657414e-04
3.162000000000000000e+03,5.911648240931820751e-04,5.682062161212002825e-04,3.854161230785460774e-04,2.617159977236277121e-04,9.553564921953499667e-05,9.766074492392860936e-05,1.080371874858848994e-04,1.093868916664275691e-04,1.098238801365707568e-04,1.136949315387339264e-04,1.146009757609809196e-04,1.181141861475587128e-04,1.188016496497113216e-04,1.219854756737671176e-04,1.281206368282868677e-04,1.329727325161870848e-04,1.318326397285388813e-04,1.344973017350532536e-04,1.366661614176656878e-04,2.640720599767499817e-04
3.162000000000000000e+03,3.923726970958844244e-04,3.908237443174193801e-04,2.042226563952333576e-04,7.131122361515222861e-05,6.917344043374388845e-05,7.078732036625825976e-05,7.101006238732097606e-05,7.418526413791821168e-05,7.691435826402585679e-05,7.788795967263960872e-05,7.990343329965120180e-05,7.948155688007236294e-05,8.156513956553311713e-05,8.401991315283096164e-05,9.358578005916416004e-05,9.711526130089201023e-05,9.993015191813349604e-05,1.014836385929377023e-04,9.828752933130603068e-05,1.170121733071359868e-04
3.162000000000000000e+03,4.942955315120854936e-04,4.911968891062964580e-04,2.149664335209683114e-04,1.491921088272447188e-04,5.007676605886752439e-05,4.961982770551876247e-05,4.978816341234500783e-05,4.973645404563674751e-05,4.974907227716479744e-05,4.970982764345673380e-05,4.992848203682054818e-05,4.954837475220101248e-05,4.996955535191648079e-05,5.028949618462449445e-05,5.031915949722674992e-05,5.161673219943574805e-05,5.138881772867436184e-05,5.180022402928044311e-05,5.112035943146944268e-05,4.523728899440394939e-05
3.162000000000000000e+03,4.272984697584300724e-04,4.401342279396234050e-04,2.568292931274313213e-04,7.741393268492556101e-05,5.772555410735993111e-05,5.833359027265436881e-05,5.660789987569604193e-05,5.504490933360975732e-05,5.625093386677711317e-05,5.635794821747064994e-05,5.734836898689937834e-05,5.776462243774148331e-05,5.907521913198637988e-05,5.811701270947729593e-05,5.799313256549627819e-05,7.189792558889821655e-05,7.466656054538759260e-05,7.497370893775890917e-05,8.041592521641190226e-05,9.080957844456557973e-05
1.000000000000000000e+04,6.937421592435543370e-04,5.965492415490948911e-04,1.154320574582269127e-04,1.384428829338166155e-05,1.393823634325109448e-05,1.448555231559591879e-05,1.461273493590008777e-05,1.516110856924293206e-05,1.544596340157184519e-05,1.567609636890913665e-05,1.589339272752525586e-05,1.619934162522108467e-05,1.734932861493061212e-05,1.759656126359445788e-05,1.719952922796551048e-05,1.709877368517198054e-05,1.820599228785505977e-05,1.944895938308175752e-05,2.141381990607336985e-05,2.144781537314281362e-05
1.000000000000000000e+04,5.256469788854573402e-04,4.419281836951448306e-04,1.590429861840396224e-04,5.435515325706326685e-05,1.958347048712280451e-05,1.845477665637722774e-05,2.045608893027765399e-05,2.040873082840615607e-05,2.083873905136656912e-05,2.315339670165922361e-05,2.310460356433427186e-05,2.432175816633395024e-05,2.413640383246748699e-05,2.468277324468887851e-05,2.469353973345632207e-05,2.486507989656387246e-05,2.539075707830019992e-05,2.550983435072276770e-05,2.591860298451665213e-05,2.707598500877721485e-05
1.000000000000000000e+04,3.857353860147469740e-04,3.839147663579737819e-04,2.063411530979899827e-04,2.442097238979465428e-05,2.457586177952139536e-05,2.615687030096260855e-05,2.685480394420411022e-05,2.586017881835674169e-05,2.664950017552072354e-05,2.692496814547117953e-05,2.578609424777895045e-05,2.529615261056340395e-05,2.699305554463815086e-05,2.715472659849146498e-05,2.566449814844773075e-05,2.510164796652932537e-05,2.506303856633995491e-05,2.639697404922605197e-05,2.671118237475866874e-05,2.675892385182326261e-05
1.000000000000000000e+04,5.393698333679024020e-04,5.396641734609613356e-04,2.146005691573661602e-04,1.699520598852622308e-05,1.844790201672075444e-05,1.922374268458658863e-05,1.937020054641887021e-05,1.971682758160540308e-05,2.043277420824973569e-05,2.038367959491296902e-05,2.067654767348550465e-05,2.156702230199296046e-05,2.131431047489161133e-05,2.278236943573291046e-05,2.329184168052380848e-05,2.402371831056336732e-05,2.414319394555256945e-05,2.448004268146496980e-05,2.524825961224280176e-05,2.626758458486060566e-05
1.000000000000000000e+04,4.687608364627062602e-04,4.336926793431928186e-04,4.164694285981609631e-04,2.703300685253086865e-04,9.586684218169663426e-05,4.763838696080389485e-05,4.742067778241737286e-05,4.752961684534998447e-05,4.780250104419961360e-05,4.929579957130475666e-05,4.937042652980824813e-05,5.055541719795528640e-05,5.037709095680938131e-05,5.024355990985100690e-05,4.981164555742747559e-05,5.129423050257185735e-05,5.171066281483949038e-05,5.292180470282336165e-05,5.306345531510142123e-05,5.491107037150434918e-05
1.000000000000000000e+04,5.127058081812959928e-04,4.648496373837295438e-04,4.492165396409268912e-04,2.165820174897886100e-04,1.336790699584358732e-04,1.010660762463589353e-05,1.049159515322393619e-05,1.043437271140728838e-05,1.088480158614990026e-05,1.112275363427918692e-05,1.112722884978095495e-05,1.136818844935289402e-05,1.133584706418375491e-05,1.281201885466678889e-05,1.239343988736549234e-05,1.219292831718884588e-05,1.093745367677936516e-05,1.430486868274099855e-05,1.433133012833155784e-05,1.571323331230037090e-05
1.000000000000000000e+04,3.661721078586547911e-04,9.474798974384201133e-05,7.697046556873544975e-05,7.140762975310554149e-05,1.728741800676561038e-05,1.751425738820536586e-05,1.738743909973380859e-05,1.722448174304016668e-05,1.723530581247239142e-05,1.760032780482055759e-05,1.767592338964398270e-05,1.817537067212589874e-05,1.816738471592137241e-05,1.903766350356645172e-05,1.940211097956181179e-05,2.077922980101156881e-05,2.079331167389742710e-05,2.075227103299923321e-05,2.148667900489913151e-05,1.979355139111339660e-05
1.000000000000000000e+04,4.478822593113373010e-04,3.644253146888212064e-04,1.956895513240128131e-04,8.148129893152737365e-05,2.264778484434913671e-05,2.232356151172646189e-05,2.229611405074118666e-05,2.259657008095820738e-05,2.264488910085247310e-05,2.332480240016366634e-05,2.342693087311781104e-05,2.302310703102436622e-05,2.271932559491964801e-05,2.296220598877181076e-05,2.090474131679036845e-05,2.102091347751068321e-05,2.109919765630873876e-05,2.133400718972312043e-05,2.250213260188370956e-05,2.510549792857793452e-05
1.000000000000000000e+04,3.844865722518707452e-04,3.538959693125314030e-04,3.402538190835190514e-04,6.304167050367742318e-05,2.863416291658952472e-05,2.923901607684107343e-05,3.065939470116223566e-05,3.116301810200124795e-05,3.249858644375815808e-05,3.274998097526597848e-05,3.307764867035409328e-05,3.261250931563198558e-05,3.328987507363625987e-05,3.362101207056489348e-05,3.398487114717214518e-05,3.356120747000587587e-05,3.374357400593326471e-05,3.389308950945600857e-05,3.422024354834250515e-05,3.473197901184596047e-05
1.000000000000000000e+04,5.163663703927354534e-04,4.385360320243176092e-04,1.976805167050494792e-04,6.185768323032953160e-05,1.558447765670187933e-05,1.514306671505311614e-05,1.503393992306850320e-05,1.538759436264290769e-05,1.564216790327077871e-05,1.615539609282556167e-05,1.634715193720357631e-05,1.675966796676501292e-05,1.729529916027581568e-05,1.762403345839042902e-05,1.766433968595986734e-05,1.734431304796754848e-05,1.735382310894877531e-05,1.732650469601171460e-05,1.666743351196533379e-05,1.707315993934477535e-05
1.000000000000000000e+04,5.680601560361927616e-04,5.194223450417328851e-04,2.853474835676150182e-04,1.197224424280280818e-04,9.458483777032857497e-05,1.191413120938747439e-05,1.241540125261337769e-05,1.245067444082233569e-05,1.251918365012987653e-05,1.276232817143800454e-05,1.380103899503276046e-05,1.411481055359667500e-05,1.370432882730896361e-05,1.431690768825451480e-05,1.413920468965528549e-05,1.415282033645593954e-05,1.494872051496984955e-05,1.530581769425142741e-05,1.576126950663813038e-05,1.391049646815699793e-05
1.000000000000000000e+04,5.718182366516551740e-04,4.962622171099864829e-04,2.984261855901792029e-04,3.032920322030626271e-04,2.423652059939185115e-04,3.021053596555264725e-05,3.064206534618120698e-05,3.302526667317348940e-05,3.317241123630645559e-05,3.388353444596439994e-05,3.397279041341813365e-05,3.521870624979815293e-05,3.550097563291666156e-05,3.567891438136693493e-05,3.579522479168872055e-05,3.664192215277543548e-05,3.882139734056744426e-05,3.851547858372847362e-05,3.845768843098692808e-05,4.281633744863318913e-05
1.000000000000000000e+04,7.113365563250924600e-04,4.985979970046343791e-04,1.464362906362730559e-04,8.040237737241971076e-05,2.371810328380668720e-05,2.392063741776027881e-05,2.374263419276023479e-05,2.509858534594074382e-05,2.533928891815616962e-05,2.564321833912710079e-05,2.615530289742019180e-05,2.686168674634249420e-05,2.786379600812140424e-05,2.881523958068583734e-05,2.953022636207870577e-05,2.957441276236285837e-05,2.749022181175101017e-05,2.670504294523960481e-05,2.700716343134525695e-05,2.424585550233143718e-05
1.000000000000000000e+04,5.212633481847080618e-04,4.756589160579983966e-04,2.334601965379479486e-04,3.440812966848370044e-05,1.246806266616231014e-05,1.287032910415065492e-05,1.294349697190773298e-05,1.293085699218013510e-05,1.337467092960899714e-05,1.358801979784922496e-05,1.351744911816839527e-05,1.410731911141081944e-05,1.558042672152983244e-05,1.563956529991625646e-05,1.611489643893629123e-05,1.667834824988991913e-05,1.687798125816485252e-05,1.739720057426564120e-05,1.776428509887230021e-05,1.892883274661766397e-05
1.000000000000000000e+04,5.920826963762059001e-04,5.939062866790180374e-04,3.222956106988545538e-04,1.519369357385266794e-04,1.431092080442325997e-05,1.405527326715385976e-05,1.355934036599286547e-05,1.344651151410698362e-05,1.373391266172653997e-05,1.403802445727311750e-05,1.438188874899439524e-05,1.465827748212605477e-05,1.485169711732502270e-05,1.566950717948007325e-05,1.653523506833983411e-05,1.650124265403929430e-05,1.684336924537413921e-05,1.717453117347760033e-05,2.049364620165903479e-05,2.262145255709196906e-05
1.000000000000000000e+04,5.733060717615257474e-04,5.573617757908769926e-04,3.896508190738434837e-04,7.746123058669933436e-05,1.787694997191851490e-05,1.818950748610140543e-05,1.827272856317070757e-05,1.937469012023051824e-05,1.952780175327516410e-05,2.000050035061632487e-05,2.078007040728762297e-05,2.124162256164080842e-05,2.157823673255150249e-05,2.188903963852401353e-05,2.203513932794292236e-05,2.191515523247149588e-05,2.266221519020797273e-05,2.310662103918194581e-05,2.395109436626874429e-05,2.102146285655260278e-05
1.000000000000000000e+04,6.804393033441289177e-04,5.873984148196135981e-04,4.465038955801531729e-04,4.058574461930743778e-04,2.657074355491477013e-04,2.905554034230714845e-05,3.122572151956957515e-05,3.134962545221240207e-05,3.220559680610270706e-05,3.311582947769793048e-05,3.326283415723121835e-05,3.370615037777368158e-05,3.345518161760018130e-05,3.426318836290318356e-05,3.416335670667202410e-05,3.449271649175714063e-05,3.596123518424931679e-05,3.665964613806061361e-05,3.658162995558223357e-05,4.705378456619374198e-05
1.000000000000000000e+04,4.662753293851854041e-04,3.465124971925102448e-04,3.998266532425274978e-04,3.857637589271362767e-05,2.825694061393461645e-05,2.579076666520226568e-05,2.529387485931771756e-05,2.601322566937200000e-05,2.721521716203688078e-05,2.750144578387746301e-05,2.824884748295221806e-05,3.080822237048591708e-05,3.341749319452243499e-05,3.488515269093171874e-05,3.635610878014875001e-05,3.661344709451079722e-05,4.059347203742425371e-05,3.991852061391302277e-05,4.053616685602339588e-05,4.602049341884667099e-05
1.000000000000000000e+04,5.829815328357450298e-04,3.917799236709467803e-04,9.685232173788214558e-05,5.088415410545319361e-05,3.927848593735615556e-05,2.744687038948311435e-05,3.016868065646340221e-05,3.061107369066223740e-05,3.132540262209418874e-05,3.214197503280155063e-05,3.214152290978114528e-05,3.220919888115034109e-05,3.339532919977438884e-05,3.356563568328973363e-05,3.442850013825879337e-05,3.485435357125660504e-05,3.566334779443047645e-05,3.598130775750968917e-05,3.727223770561480639e-05,4.055081142304062562e-05
1.000000000000000000e+04,4.972351555072329100e-04,4.773449240632472962e-04,2.867680190238004550e-04,1.111428804803107185e-04,1.016596575644399073e-04,4.363598989110719896e-05,4.537160638273140438e-05,4.538335982947286096e-05,4.699190835709530259e-05,4.817738332521179223e-05,4.892973594614221500e-05,4.952755169403925007e-05,5.097606725526240238e-05,5.089132661773239000e-05,5.186259861179709333e-05,5.396899183341576084e-05,5.471426334974282217e-05,5.504843950086803027e-05,5.674877378363460536e-05,5.943403477262843492e-05
3.162200000000000000e+04,7.321617638084634708e-04,6.040460640875030011e-04,1.380391347795992762e-04,8.773322225519854755e-05,6.270936083085931587e-06,6.519197991507901497e-06,6.740904912350882705e-06,6.762230081689271776e-06,7.039279136703147681e-06,7.087617340455034913e-06,7.456955216438848718e-06,7.715086799269940204e-06,7.854195887987132325e-06,7.695075530314912648e-06,7.765958437498990239e-06,8.284209876266975531e-06,7.940288104229985608e-06,7.835602592402112875e-06,7.953583538682743883e-06,9.385715962283733030e-06
3.162200000000000000e+04,8.153980046085980643e-04,5.424115305128007032e-04,6.033050256287812675e-05,1.206763447060639701e-05,8.566669513301084128e-06,8.561210212618858859e-06,8.494276152383218063e-06,8.448799205619216533e-06,8.629770687625677847e-06,8.916056133097336866e-06,9.133123728191345117e-06,9.288024156460230070e-06,9.313768944525061834e-06,9.998811312272677104e-06,1.047278932188902252e-05,1.080969880984054578e-05,1.104784883560343954e-05,1.117574665130742757e-05,1.126272694385475681e-05,1.108023578530634632e-05
3.162200000000000000e+04,7.941670173036055169e-04,7.326281992237707605e-04,6.037011127663935797e-05,8.729982622456230706e-06,8.232933420551184756e-06,8.405874539950800760e-06,8.480652155455620025e-06,8.713090501053348479e-06,8.788224778071921438e-06,8.791477249361469165e-06,8.814398224213071308e-06,9.299130460100007059e-06,9.538827691405438904e-06,1.157479256760176985e-05,1.171162671098261278e-05,1.180335566012841530e-05,1.226943771272647412e-05,1.253899156005156442e-05,1.298320805076361104e-05,1.693824167468321176e-05
3.162200000000000000e+04,8.105713511154198896e-04,7.104939878039346528e-04,5.232075221516915473e-05,9.094292334397613192e-06,8.981883674055515595e-06,9.082992496729562178e-06,9.019585330376650930e-06,9.244262530879680112e-06,9.384627279458973554e-06,9.412286704019406073e-06,9.503351510914529620e-06,9.586820899419181311e-06,9.790968053142383687e-06,1.042185047478471571e-05,1.043453241929644774e-05,1.073127383318036837e-05,1.106486471135209056e-05,1.122477788879569674e-05,1.129928771128480420e-05,1.243082426573437999e-05
3.162200000000000000e+04,6.100462728692453672e-04,5.914953991900791458e-04,3.146889792622356249e-04,1.401383197063707308e-05,5.704240068939281220e-06,5.666933405413347690e-06,5.986152415756415917e-06,5.915813727696824040e-06,6.000740580937306567e-06,6.339043278108888067e-06,6.417920299791256720e-06,6.470854951637705606e-06,6.508043326163822978e-06,6.472989060334125090e-06,6.389034356744920428e-06,6.651969430224133677e-06,7.022005242991563896e-06,7.602042330923384754e-06,7.755624113689802064e-06,8.704933166852797541e-06
3.162200000000000000e+04,5.031097511933444637e-04,4.792748191939450115e-04,2.207667712181617949e-04,3.436037087112580517e-05,7.621328525223127341e-06,6.903964971447267677e-06,7.128604886741051302e-06,6.876107570540944298e-06,7.068335722121100653e-06,6.725744361902545074e-06,6.489444042234841961e-06,6.589013405535276715e-06,6.159119643987063832e-06,6.186906524525950240e-06,6.016606990274884500e-06,6.495938565520346694e-06,6.327579035911640027e-06,6.440301090105162021e-06,6.389359340336700330e-06,5.894940116307603748e-06
3.162200000000000000e+04,6.324527810829934588e-04,5.352901125115481530e-04,3.664849102915996497e-05,6.550591299345759169e-06,6.438312841920638563e-06,7.247232595778971747e-06,7.270900925670185165e-06,7.098927164173654231e-06,6.970217382191650033e-06,7.765742268657938396e-06,7.853128631177135369e-06,7.952652657353228622e-06,8.318813191731888953e-06,8.450403868460671224e-06,8.487489939298038368e-06,8.944997676977938872e-06,9.333255189926334755e-06,9.814757348834937637e-06,9.953615912162272874e-06,1.073228704993420329e-05
3.162200000000000000e+04,6.855392679060566975e-04,4.955177333230320787e-04,3.450788043470940487e-05,9.826450035246739827e-06,4.855828121335717272e-06,4.906155133637787342e-06,4.966219998767180507e-06,4.990563433425569616e-06,5.392202829093238643e-06,5.411736436401423982e-06,5.462365113095427972e-06,5.867505944950717092e-06,5.816885077801480494e-06,5.687757419840151445e-06,5.830243286419435676e-06,5.876513811163723631e-06,6.045574700230705834e-06,6.107100417162352999e-06,6.846214741189754641e-06,6.553893433811289266e-06
3.162200000000000000e+04,6.452283669361554745e-04,5.863580988508799953e-04,7.554497901924953367e-05,2.744519564786031127e-05,9.703645404542115166e-06,8.624894293014052855e-06,8.885796485937546432e-06,8.804196479260513410e-06,8.203647801905172203e-06,9.109347219551586634e-06,9.224782835751043635e-06,8.793980469579117467e-06,9.579145611937659409e-06,9.947606796167435478e-06,9.948459811914013484e-06,9.970590765441675321e-06,1.042584844625414373e-05,1.066452644254558251e-05,1.115858205149277199e-05,1.130839533383755626e-05
3.162200000000000000e+04,7.880323122261174984e-04,7.219188742767315183e-04,6.972827565354071790e-05,6.417006650693543712e-06,6.455839674702253642e-06,6.564651794421754069e-06,6.881286303653490632e-06,7.244836951440260163e-06,7.352736298632234801e-06,7.266953237842654351e-06,8.036261341542298324e-06,8.256255089895446890e-06,8.818630687985231221e-06,9.027140999951814844e-06,9.204374940065498158e-06,9.911736016681152239e-06,1.064576832741429714e-05,1.080507943451222522e-05,1.216192846557262794e-05,1.224790805081810281e-05
3.162200000000000000e+04,8.199229602173271469e-04,6.242934469595836505e-04,3.560350071654529798e-05,6.225501553713325371e-06,6.113632490948909112e-06,6.107043192228173857e-06,5.879362017262393606e-06,5.860811781083775083e-06,6.290559052193985445e-06,6.517840160470791581e-06,6.453397291115295938e-06,6.572109798472538830e-06,6.769235361049562622e-06,7.439889559429238651e-06,7.772182527172888456e-06,7.928577307878869256e-06,8.295922416041971809e-06,8.485312636820173941e-06,8.470639986224372088e-06,7.096097585657029636e-06
3.162200000000000000e+04,7.738777344241666275e-04,7.075052666144578161e-04,2.071331728233152532e-04,6.957859856356835644e-05,1.049755060842865252e-05,1.078103181628295304e-05,1.029608922714481338e-05,1.087808511886013453e-05,1.126463669432627711e-05,1.140034017177465744e-05,1.162309455043356532e-05,1.190689595456298619e-05,1.215798843648046534e-05,1.214767220363225740e-05,1.259426189540097545e-05,1.241390828294265199e-05,1.257066186104018686e-05,1.319959033028536718e-05,1.350128454970333590e-05,1.362143547043293110e-05
3.162200000000000000e+04,7.401620387200792727e-04,6.906477663730978657e-04,1.381255882539783619e-04,1.495382547755386454e-05,7.471229501742251487e-06,6.091198391877145818e-06,6.172263629453208642e-06,5.932337119418508404e-06,5.932509888285842100e-06,5.743483912870091116e-06,5.625933252222219647e-06,5.510218929059845991e-06,5.430422651840984952e-06,5.732393043669487875e-06,5.687358227993640951e-06,5.977666981122766346e-06,5.737648722568413582e-06,5.515793996056513632e-06,4.688162937373505935e-06,5.026709789435302427e-06
3.162200000000000000e+04,6.187604880611040012e-04,4.768163877302951598e-04,1.395232441893001947e-04,9.800778198157127812e-05,9.509227159257816983e-05,5.883515625245424312e-06,6.034047544936171990e-06,6.059579717018187048e-06,6.180408294136496776e-06,6.117123622967292762e-06,6.138766687905196540e-06,6.326847426682571354e-06,6.374625812439378815e-06,6.499592784715991520e-06,6.715050968221502819e-06,6.744846208939198713e-06,6.848230284768934905e-06,7.004141857679729643e-06,7.416317423402326073e-06,8.047809267177426402e-06
3.162200000000000000e+04,7.208850175359187828e-04,6.519461673826732959e-04,9.542433378658504142e-05,3.036746123878348726e-05,5.410778038942010002e-06,4.694286005261904331e-06,5.027830727135586821e-06,5.024644242691997445e-06,5.073119332676634489e-06,5.112640078162033047e-06,5.150502467521036878e-06,5.333656449936007147e-06,5.482054112949813597e-06,5.692466690252975921e-06,5.709619975799463231e-06,5.873740146208664793e-06,5.889191912905276385e-06,5.990841651307998004e-06,6.043542971068056505e-06,6.607739433924257433e-06
3.162200000000000000e+04,6.998943440123359290e-04,6.402832079921762795e-04,1.220274346624324329e-04,7.511257268875933689e-06,7.876221844983706915e-06,7.644673006167574842e-06,7.659026905091123318e-06,7.755113499799544499e-06,8.095156080892150941e-06,8.118307541463093229e-06,8.325116590299664549e-06,8.379142848876013712e-06,8.443815919400387592e-06,8.740527970957927379e-06,9.464178333850190708e-06,9.980283831286882731e-06,1.011703810165849264e-05,1.042525454862214467e-05,1.068197592219422134e-05,1.198645310148987256e-05
3.162200000000000000e+04,6.069031415869034427e-04,5.787964295092538122e-04,1.286169784150934545e-04,1.822823840078056096e-05,4.434504219566725832e-06,4.416939940521330619e-06,4.468500442729598803e-06,4.438971029003555021e-06,4.568609551942435325e-06,4.569628060634256558e-06,4.634446067333367999e-06,4.774085159436698647e-06,4.751492814234412698e-06,4.769414885280296882e-06,5.148741338141466535e-06,5.291181392365009046e-06,5.312619430196925140e-06,5.286407418915053423e-06,5.266303662671161621e-06,5.699479922987559983e-06
3.162200000000000000e+04,8.467588735552215124e-04,8.004116811001759377e-04,9.235233924808227584e-05,8.308169521409597397e-06,8.417353046811043584e-06,8.390215212113927057e-06,8.413103107748871480e-06,9.810944733979618922e-06,9.503344676781968949e-06,9.159696714908637113e-06,9.381530415111499806e-06,9.290517549852589751e-06,8.487168220628225012e-06,8.688104266802049462e-06,8.667255707775410760e-06,8.958611440743403625e-06,8.992937731204665692e-06,8.879935629658290989e-06,8.718902326739741654e-06,9.248911193361583039e-06
3.162200000000000000e+04,6.364453195262600744e-04,2.696283664219315348e-04,1.716882633229213292e-04,1.552427306224751877e-04,7.892957087082938441e-06,6.869456551851160202e-06,6.828785531793520668e-06,6.843517747606061284e-06,6.692535149619620911e-06,6.615283028800766161e-06,6.560810741199714102e-06,6.427075069386208838e-06,5.994959013015973839e-06,6.232815114594389536e-06,6.160030914110606844e-06,5.693768125461986074e-06,5.224422607315197755e-06,5.001737784815363823e-06,5.144700754820671627e-06,5.809300990135973356e-06
3.162200000000000000e+04,4.702138995646776634e-04,3.967645223561536909e-04,1.311978047254210359e-04,2.149080715744373319e-05,1.106918315563906924e-05,4.122749000930728498e-06,4.130917317298893942e-06,3.990426176263852488e-06,4.032544032411789717e-06,4.163540152831193425e-06,4.056259413271016312e-06,3.882655715044664558e-06,4.073827224787238707e-06,4.541641512717896509e-06,4.590979495431240158e-06,4.640603810805884232e-06,4.745382687236749843e-06,4.927438259389543266e-06,4.970021133005463533e-06,5.393881185783910331e-06
1.000000000000000000e+05,7.739490862155210633e-04,5.770163633214731328e-04,2.659743788951806842e-05,1.563744622016392876e-06,1.572836730053112398e-06,1.597218004194631036e-06,1.612626248324848097e-06,1.616020560795555692e-06,1.626718775982389078e-06,1.636324485074597445e-06,1.680123199790716264e-06,1.696677309163090426e-06,1.705986811707741732e-06,1.788028246548184736e-06,1.799846088975744061e-06,1.789242860236326425e-06,1.896994118638819177e-06,1.878464054910773383e-06,1.898283764265093437e-06,2.330858111884629542e-06
1.000000000000000000e+05,6.285894074096456605e-04,5.476927149030283914e-04,5.098154911881561585e-05,6.700471142360482166e-06,1.165160856025795297e-06,1.112127961435864317e-06,1.108137460412164081e-06,1.110335731250769293e-06,1.114553418579030977e-06,1.086207629221273711e-06,1.122543972148736128e-06,1.165541045458185981e-06,1.217758165821636763e-06,1.218817053809701672e-06,1.178802594192915705e-06,1.231580069400423821e-06,1.255520727303885986e-06,1.293626866425883544e-06,1.299795591575099187e-06,1.129516845108383751e-06
1.000000000000000000e+05,7.806153715694014606e-04,6.524758820347992738e-04,3.629475404321166128e-05,2.773509622664217578e-06,2.692416209470196966e-06,2.719441773707143739e-06,2.733739541578988891e-06,2.814588018786784833e-06,2.750691082528919801e-06,2.835002252124926009e-06,2.868456853008197814e-06,2.852906225512633510e-06,2.921118226078543795e-06,3.122351128624051225e-06,3.220380735616456823e-06,3.296201510248566543e-06,3.454923179136397782e-06,3.577526254505186329e-06,3.608139252180778749e-06,3.507569935726433651e-06
1.000000000000000000e+05,6.051980071931481377e-04,2.615019610327860952e-04,3.141414185627596742e-05,1.291253697973429628e-05,1.813973435360876273e-06,1.354825792369144262e-06,1.352651309824369591e-06,1.395913060102419829e-06,1.414390779020239080e-06,1.435550237077081136e-06,1.456777553214115493e-06,1.464275519445140514e-06,1.488892452193355163e-06,1.536315165182468757e-06,1.730946451072205180e-06,1.757077660945146616e-06,1.842674094036981032e-06,1.897087677090925698e-06,1.944261300203464485e-06,2.058355534238709464e-06
1.000000000000000000e+05,6.749706682858001763e-04,5.744945268785614425e-04,1.929653716738311095e-04,4.964205065534483612e-06,1.926295064281326719e-06,1.688657956549503709e-06,1.632548950650532891e-06,1.654123411593200337e-06,1.705387536367758103e-06,1.577854501160677894e-06,1.606316311542121374e-06,1.572282092499221962e-06,1.534403125942257326e-06,1.558799098080814903e-06,1.570148800029053021e-06,1.614197590448548290e-06,1.570541836408981358e-06,1.565596179894814817e-06,1.584074179729313196e-06,1.763206053961548149e-06
1.000000000000000000e+05,6.281085060423270174e-04,4.361519295602010759e-04,2.056165421494685389e-04,2.933326820450133114e-05,6.215141499490085518e-06,6.056340246458495148e-06,6.263099026738627845e-06,6.485061140141236844e-06,6.640808011795738706e-06,7.141097893451954752e-06,7.463088537119232580e-06,7.707968212218211813e-06,7.822278652011371109e-06,7.816239686561389703e-06,8.533416491370903134e-06,8.983824419340890132e-06,9.104386766818861566e-06,9.021561958707282266e-06,9.051302765366146751e-06,8.980486276242202732e-06
1.000000000000000000e+05,6.043232089655081263e-04,5.579706992838446688e-04,2.091449871921329461e-04,1.871219624374528129e-04,1.484591689039357963e-04,1.761635608608069488e-06,1.717488089133249041e-06,1.655003941014594628e-06,1.668548937224842729e-06,1.668144447793142533e-06,1.620869119919353800e-06,1.587924238803104245e-06,1.581123757614212478e-06,1.603005044669302592e-06,1.597535712827222441e-06,1.605548205052189486e-06,1.666984834773688286e-06,1.721047709750139019e-06,1.722374354221593509e-06,1.846526174690536301e-06
1.000000000000000000e+05,7.929427795984602626e-04,6.555550871623172342e-04,1.507797431458137404e-04,9.505312010619238277e-06,4.133384425305563571e-06,2.810349094115681842e-06,2.777473758957240803e-06,2.782723524999976020e-06,2.796442680971902385e-06,2.748990654456175143e-06,2.784648082684470935e-06,2.776497534478096486e-06,2.802052442694468647e-06,2.815951667671124028e-06,2.904689779214692562e-06,2.926435075229444199e-06,2.955661879536226725e-06,2.990184487629507610e-06,3.005312202698961691e-06,5.565233045285686432e-06
1.000000000000000000e+05,6.754088015042265499e-04,6.206944336091215668e-04,4.980322290920653370e-04,1.052760095100885442e-04,2.049413909751063027e-06,1.639933326850804933e-06,1.431896080471894309e-06,1.481952688882386688e-06,1.521549290804697004e-06,1.551502266513784832e-06,1.562885484896941152e-06,1.685958259977477214e-06,1.649634867976062332e-06,1.743832387299056200e-06,1.747800777912848234e-06,1.825708940963673382e-06,1.862857542623436707e-06,1.946065293724803638e-06,1.917510682340334723e-06,2.444310395461224003e-06
1.000000000000000000e+05,5.642612382435204356e-04,4.928907461438913071e-04,1.303487002746956725e-04,1.193892710526886812e-04,9.523804765537800116e-05,1.230093335703579606e-06,1.200689922764512531e-06,1.185900729794083802e-06,1.062257961321987345e-06,1.055672138544531279e-06,1.009228085605468395e-06,9.773630844261624741e-07,9.993961818908750873e-07,1.037460020236157491e-06,1.015380725914467689e-06,1.053549861738724836e-06,1.080723591124778549e-06,1.127843866229431276e-06,1.172032528595930247e-06,1.225866081931993610e-06
1.000000000000000000e+05,7.033028799712270126e-04,6.460789293069178936e-04,1.758313287608245443e-04,8.163694693339935065e-06,8.131751501575577469e-06,2.098471789005881745e-06,2.059754650038431352e-06,2.194661904693372923e-06,2.196761903985381227e-06,1.985515020987949737e-06,1.967162096740116346e-06,2.057151548721034650e-06,1.983959453087385173e-06,2.220834492605320400e-06,2.286021746494514470e-06,2.273662417525075167e-06,2.213031444428819279e-06,2.178457421313668584e-06,2.159803596348540901e-06,2.437920686615719958e-06
1.000000000000000000e+05,6.419497630386889310e-04,4.822246645898123915e-04,4.850799532025931867e-05,1.724245893579050905e-05,2.087981158947439179e-06,1.568208498456099068e-06,1.574794006751085510e-06,1.528635966175862979e-06,1.556458607966552610e-06,1.536159994719872699e-06,1.562609802515816447e-06,1.613448721688346305e-06,1.634092564717424280e-06,1.667091850599214792e-06,1.731534405157614447e-06,1.715664554358000276e-06,1.665365930492178707e-06,1.730144287977493167e-06,1.729740508041517657e-06,1.712040038393959949e-06
1.000000000000000000e+05,5.256022020939515047e-04,4.670819073275488099e-04,1.449028442090698405e-04,5.832130867325199710e-05,2.296169505321636996e-05,2.952704594835232989e-06,3.130801619888276887e-06,3.179027325789498118e-06,3.296603602275484399e-06,3.375893908402302187e-06,3.442817573970764977e-06,3.490406284280473360e-06,3.595063694986442618e-06,3.725642737963052192e-06,3.993562718141838890e-06,3.966219335073929643e-06,3.811798499702069010e-06,3.976535971291547153e-06,3.919801728624553453e-06,3.839348978316197641e-06
1.000000000000000000e+05,8.170871477431463628e-04,6.121875440922759388e-04,3.682892893650269861e-05,9.265407113431721806e-06,2.600156809292770191e-06,2.016491527811264394e-06,2.114310081100186065e-06,2.139636797561788450e-06,2.254020295286520297e-06,2.409118993005403768e-06,2.414692313210252534e-06,2.479616794577367391e-06,2.621448575251706565e-06,2.900718081443446600e-06,2.914688621845081737e-06,2.983984493782567502e-06,2.956453305717889545e-06,3.052152555922866246e-06,3.061929327536221026e-06,3.821885065154105917e-06
1.000000000000000000e+05,4.648599368123585113e-04,4.165886289713623689e-04,2.848454143451129494e-04,9.152725751990667771e-05,3.915831375984691733e-06,3.261061755766327509e-06,3.350404909410537445e-06,3.387771313480343920e-06,3.540056527508835725e-06,3.588879134564462301e-06,4.017842010706170120e-06,4.100195531966346144e-06,4.353950174935206579e-06,4.467448740558208245e-06,4.258785546380245449e-06,4.269233522858730451e-06,4.550204710365633214e-06,4.800297661070626775e-06,4.808983295351131686e-06,8.521134934697977511e-06
1.000000000000000000e+05,5.470169386466275417e-04,4.596094176351437906e-04,3.649419466663612964e-05,6.243052913687840061e-06,2.332836874921483397e-06,2.139170020489415084e-06,2.152748132234130339e-06,2.148526961340346438e-06,2.236272351683881965e-06,2.273428288747421694e-06,2.198163895849543955e-06,2.274791291283256368e-06,2.379465324352372313e-06,2.339796548917492747e-06,2.219079413819798963e-06,2.256963264668143708e-06,2.279278863018741044e-06,2.340248851157806390e-06,2.368112264024099624e-06,5.097096799806326883e-06
1.000000000000000000e+05,6.644787522692010640e-04,3.360208062541485390e-04,2.395167372984588602e-04,2.313770220153396964e-04,6.939273622190096408e-05,2.573871786476934155e-06,2.537289826638739057e-06,2.612202015189625222e-06,2.530273960346149467e-06,2.594211114198508899e-06,2.681261139664486566e-06,2.765864823295169851e-06,2.772001111128772513e-06,2.916585470905354314e-06,2.886919662063102906e-06,2.935665744885195536e-06,2.936744891149841907e-06,3.073490373579121936e-06,3.095165366346704104e-06,3.227602521008576588e-06
1.000000000000000000e+05,7.570199429960778681e-04,6.889529365383935487e-04,5.109358931635557560e-05,1.588699633700689596e-05,3.543197989094213808e-06,3.582409327950892583e-06,3.673608433980030948e-06,4.024371352668988538e-06,4.072401253860070012e-06,4.224001958136032890e-06,4.031201221227649132e-06,4.246780763867679729e-06,4.363396813468100684e-06,4.325593676604367395e-06,4.189845192292885070e-06,3.810440635400848701e-06,3.844577211451591408e-06,4.016871524860453409e-06,4.130959761072400949e-06,7.304713345238889700e-06
1.000000000000000000e+05,6.649204769984300633e-04,6.073418524249781089e-04,4.244044430621942169e-04,1.045260241050792829e-04,7.968216258963217431e-05,2.705647817421070355e-06,3.159003744990766160e-06,3.168307606433356532e-06,3.155330326982571973e-06,3.414071497583565363e-06,3.507671064414900836e-06,3.535886018227225264e-06,3.243628732639348298e-06,3.423539685735216325e-06,3.521526595315181904e-06,3.414698462793205516e-06,3.580804913803568739e-06,3.712332714861140593e-06,3.948501085162372819e-06,4.590775267407235985e-06
1.000000000000000000e+05,6.106306149519623175e-04,3.633468731474151156e-04,1.511871648378082838e-05,3.145631083308621744e-06,2.775726439673738305e-06,2.699190065997471705e-06,2.827491138375295597e-06,2.834468432791182532e-06,3.011344380425002087e-06,3.051449666325809612e-06,3.082040393277451338e-06,3.171459199870120899e-06,3.216392089873089611e-06,3.426819051762114216e-06,3.424667671127484119e-06,3.497435037731197068e-06,3.592761180701257238e-06,3.754643552768348699e-06,3.773402815639284453e-06,4.226926615844574661e-06
3.162270000000000000e+05,7.239123674214979071e-04,5.644588100409465327e-04,8.296635359175738697e-05,6.227955272292343808e-05,2.202824230180063448e-06,1.570671078345196593e-06,1.534075151907472582e-06,1.496970905716657680e-06,1.493834610736056990e-06,1.570517046973028716e-06,1.541389309523490550e-06,1.532264746239173247e-06,1.539880382974163121e-06,1.524893226590827286e-06,1.506256543915957602e-06,1.531904343625923762e-06,1.551812441067688134e-06,1.620061740634743066e-06,1.624028258133460468e-06,2.162186388051075227e-06
3.162270000000000000e+05,7.786643469602622623e-04,4.424003847518724174e-04,2.506602741457732912e-05,4.865998643698069423e-06,1.322406684661532662e-06,1.144010055302996522e-06,1.147707440373526630e-06,1.168446142891641082e-06,1.207977977001614618e-06,1.216672572278895724e-06,1.253162656411917396e-06,1.276183687035699227e-06,1.271829946158701618e-06,1.293858434829377608e-06,1.294630222042254455e-06,1.337164429872785836e-06,1.374123423366042378e-06,1.373195286069365527e-06,1.384474848797577730e-06,1.890092369426371898e-06
3.162270000000000000e+05,6.455642326442629590e-04,5.785984011937831024e-04,1.363880668646134107e-04,3.679374731961695169e-06,8.688652127369802525e-07,8.623019282522981780e-07,8.753782240618229336e-07,8.892780378724387005e-07,8.970918081661866883e-07,8.978068713806256326e-07,9.095779983472890801e-07,9.512211237546400370e-07,9.674070891453551222e-07,9.692371549908706444e-07,1.047105942540854102e-06,1.037681542575369569e-06,1.039166017182346300e-06,1.031637147098096334e-06,1.030584823107031116e-06,1.952918180898642938e-06
3.162270000000000000e+05,5.041333865542921896e-04,4.606066624337847612e-04,2.224713653651522681e-04,1.788230569076856209e-05,8.383152117663746557e-07,6.465474391169485719e-07,6.600016876617240676e-07,6.637554590146578001e-07,6.569245799758860569e-07,6.555174035723135195e-07,6.861231009150309799e-07,7.174354457096084604e-07,7.817998622626812240e-07,7.988008842933701888e-07,8.232627945827505666e-07,8.420765892544666390e-07,9.154771613197191646e-07,9.887148243092736921e-07,9.968909664385826340e-07,1.185981983492745247e-06
3.162270000000000000e+05,8.678959312310288504e-04,5.929480623276729050e-04,3.898015770721202498e-05,1.631667932061581533e-06,1.398644104130294572e-06,3.459295058604211821e-07,3.180600297942679594e-07,3.362809788114883660e-07,3.505592449419417657e-07,3.685049690800679830e-07,3.674055283707138257e-07,3.663468787895572079e-07,3.650016522562607753e-07,3.478038384316334085e-07,3.503181989701181148e-07,3.412352851867656292e-07,3.358519872411615971e-07,3.352135893319018048e-07,3.406176731882135976e-07,3.923141919132219080e-07
3.162270000000000000e+05,8.482088838214568109e-04,5.008862165985228376e-04,1.316471670537461161e-04,1.424591969683640358e-04,1.750737703801563899e-06,1.395667415736162789e-06,1.259338066794332647e-06,1.295656218612241914e-06,1.367398371912344636e-06,1.367006273253928185e-06,1.424330667953712122e-06,1.527806502832258665e-06,1.552098351952077720e-06,1.652876378558393293e-06,1.757314186815881082e-06,1.749934396676322362e-06,1.856016109335384800e-06,1.799148755353927208e-06,1.837296557468302360e-06,1.896440557527708953e-06
3.162270000000000000e+05,8.827226088433801814e-04,7.322260138456278700e-04,3.114074244011767539e-05,6.725229355275291504e-07,6.967992430794960003e-07,6.735295402863057080e-07,7.013400085943499246e-07,7.560976268116916805e-07,7.931086278970969703e-07,8.189443045351916220e-07,8.095983070221422318e-07,8.485931540113578219e-07,8.882681626367192744e-07,9.766336261472432333e-07,9.840179463361771131e-07,1.013635883622176998e-06,1.126547604924237277e-06,1.393761393034865708e-06,1.409776107744804198e-06,2.118058799498540550e-06
3.162270000000000000e+05,5.473396512909508432e-04,4.558900380414500093e-04,3.701501330785234869e-05,3.674819522253432086e-07,3.647193304729610204e-07,3.382075451961573695e-07,3.514924364559218649e-07,3.355085162438384795e-07,3.260052289544496883e-07,3.399567091168272918e-07,3.396086033193887246e-07,3.350175925159181778e-07,3.344102481998394652e-07,3.400439228498415554e-07,3.477897656197869916e-07,3.631637028021254967e-07,3.675023973645926680e-07,3.795974689262939077e-07,3.795757463276361974e-07,4.413408308268865332e-07
3.162270000000000000e+05,7.983850766381484984e-04,4.639889288296109113e-04,4.534858119294674246e-05,2.249774805273331624e-06,2.248243930480339926e-06,4.397159000546999313e-07,4.474463668981079217e-07,4.522922490594226313e-07,4.542284072117628989e-07,4.840809210477571834e-07,5.047202003688828684e-07,5.063300260759343828e-07,5.169953929485708075e-07,5.705535128601519174e-07,5.439315171733449466e-07,5.378452609839450498e-07,5.722827588197815008e-07,6.019832482818425081e-07,6.095224941226685973e-07,7.271287909138944772e-07
3.162270000000000000e+05,6.776646001742882199e-04,5.145915068044817431e-04,2.102215929656812683e-05,1.850483708750257833e-06,1.386739412555808858e-06,1.024661455733127929e-06,1.028260745884759556e-06,1.025239470116780615e-06,1.039793857978900344e-06,1.056470607053178384e-06,1.024937604658058158e-06,1.005113570878703732e-06,1.006190608735741944e-06,9.833983247174881913e-07,9.713880739833738746e-07,9.901670010986764849e-07,1.051009419021788807e-06,1.104720467871487432e-06,1.558474313734604868e-06,1.571557666141530182e-06
3.162270000000000000e+05,6.670389011659482933e-04,3.806992267536936435e-04,2.660474187698064251e-05,3.504279493025243802e-06,1.341783019706815889e-06,9.562396059670861444e-07,9.748689210673926914e-07,9.463849684281778582e-07,9.498590618293494853e-07,9.329656036052254295e-07,9.444838771458103486e-07,9.070482755100281327e-07,8.864796297897048162e-07,7.995477423864804851e-07,8.053359095407626351e-07,8.024467061346790371e-07,7.658371677575556434e-07,7.558766644678208345e-07,7.613945470962998582e-07,8.693564795733544677e-07
3.162270000000000000e+05,8.504350111363997164e-04,5.483668730732001086e-04,2.329901192538319515e-05,3.498514755448808767e-06,1.909659417026169683e-06,1.528680489514502981e-06,1.608947390931642565e-06,1.621557446224712834e-06,1.653249228610869960e-06,1.697504482754305504e-06,1.722537766410959012e-06,1.767786893863074939e-06,1.784728135481216919e-06,1.842411630783763161e-06,1.908186272632030963e-06,1.917039744038007417e-06,2.118445445409831294e-06,2.105573052129299454e-06,2.118392225932676849e-06,2.295213458168353271e-06
3.162270000000000000e+05,1.046243204682787949e-03,7.497712734001955913e-04,3.584488720824733005e-05,3.120993157863163073e-05,1.037067642024954362e-06,8.936535948648004419e-07,8.741809817051456858e-07,9.191490114121872301e-07,8.775723255808647609e-07,8.595817661110337627e-07,8.308363639614552754e-07,8.246249384702222417e-07,7.736800752111607982e-07,7.810743550401439228e-07,7.881146456525819189e-07,7.708025953135480755e-07,7.615379336806025088e-07,7.655012158856941573e-07,7.711253729050923351e-07,9.170970887777409916e-07
3.162270000000000000e+05,8.866868938822615323e-04,5.921375788885396016e-04,1.471259234897118510e-04,9.922472670983081811e-05,6.867384286251732956e-07,6.260193387997259164e-07,4.324950605910392239e-07,4.312352578384314756e-07,4.298883520877552578e-07,4.553744707181180228e-07,4.419720967488313482e-07,4.446333969264937588e-07,4.523886034405046237e-07,4.564098284662232992e-07,4.674041117197436417e-07,4.718016948552243714e-07,4.619381706979547761e-07,4.560776914712668775e-07,4.609260859872438180e-07,4.747748515932403068e-07
3.162270000000000000e+05,8.317812475698609575e-04,3.158119932156424779e-04,1.065587490241564555e-05,4.504479512654215250e-06,8.589620484530279761e-07,6.752756510200576301e-07,6.929905061466731212e-07,6.998047928393241784e-07,6.976031552415263723e-07,7.315552073320978470e-07,7.345246559050133985e-07,7.367190094811235024e-07,7.502652319333666938e-07,8.218935946223762752e-07,8.298754550078273198e-07,8.703486533326254367e-07,9.762527610617505351e-07,9.834153314746143762e-07,1.070201276023064188e-06,1.150076264542249832e-06
3.162270000000000000e+05,5.017412569146954566e-04,4.807081922173053246e-04,2.598220082825817537e-04,1.212188752839559548e-04,1.420459764677173796e-04,7.672533546290982870e-07,7.752348839837140140e-07,7.671747224863245323e-07,7.733160619670810183e-07,7.909308949333531910e-07,8.090641301124945710e-07,8.150767592562035505e-07,8.132297370403981602e-07,7.991088269062390049e-07,7.800181558952805231e-07,8.394450989866920260e-07,8.421586082583260418e-07,7.180166394930816524e-07,7.123499655175762282e-07,7.405621193560820292e-07
3.162270000000000000e+05,6.136462129438238419e-04,3.676702390937078399e-04,2.944389015069959279e-05,8.858434584012330105e-06,1.065841546497201739e-06,1.052740450435996955e-06,1.090992957506282799e-06,1.172839568493546597e-06,1.174672260550546973e-06,1.221488542371083036e-06,1.236623360342024682e-06,1.266417442414058946e-06,1.264627876829364939e-06,1.323486146224422065e-06,1.347346071248342165e-06,1.366176509850047919e-06,1.409734274822116471e-06,1.482598802634181717e-06,1.491790382364778023e-06,1.713138131124027960e-06
3.162270000000000000e+05,5.426191955740502712e-04,4.923896673549024369e-04,2.654905080066360598e-04,3.458961916998562655e-06,5.782477126316766121e-07,6.127943080298052698e-07,6.229302724950979715e-07,6.803321153647258231e-07,6.965001767606139076e-07,7.209082365087735905e-07,7.561145293717077332e-07,7.953986247358051600e-07,8.053903475352890113e-07,9.454200924781041680e-07,9.497570453450820997e-07,9.624936475554200764e-07,9.697748816885330239e-07,9.628308488489284006e-07,9.673916114362649577e-07,8.418811360408355743e-07
3.162270000000000000e+05,7.063234782873656793e-04,6.059719787148906689e-04,3.832268226281173380e-05,8.438092346944932297e-07,7.853489191936774956e-07,7.413062506450594376e-07,7.490116319335273944e-07,7.761201561367748843e-07,7.958573454552425541e-07,8.185190965724062340e-07,8.438311088552723035e-07,9.038852660559842811e-07,9.338556938004385839e-07,1.037681980570649161e-06,1.026277555733849467e-06,1.142331934785914081e-06,1.232717095991795894e-06,1.435573242791156716e-06,1.440681239609314476e-06,1.758774142008617934e-06
3.162270000000000000e+05,8.051633563009619491e-04,7.043033096354724088e-04,5.198092010751057538e-05,1.002093372346068650e-06,6.588150990845008294e-07,6.063780090850889973e-07,6.031517302473794927e-07,6.055138840716894087e-07,6.313971439143055894e-07,6.429896541762464646e-07,6.632964794215481837e-07,7.030617087619141817e-07,7.281994772099069185e-07,7.914998277664383658e-07,7.925615748704701271e-07,8.616913054765611223e-07,9.188157898036057690e-07,1.085034836024832612e-06,1.140214104042591174e-06,2.396117726140973759e-06
1.000000000000000000e+06,8.579806910174313673e-04,7.123164002343086417e-04,3.501662198786651694e-05,3.193312348480209228e-07,2.843709699736549687e-07,2.167925371729342856e-07,2.150003565545115223e-07,2.324534632141468787e-07,2.328277456534610639e-07,2.303991214552427142e-07,2.235694364309783591e-07,2.291938393061239332e-07,2.317082536348130681e-07,2.176170442810803495e-07,2.229635233086571391e-07,2.162795414220069858e-07,2.252445093582164226e-07,2.319904718168628408e-07,2.348276943748750162e-07,2.417681111032444791e-07
1.000000000000000000e+06,6.198618831628710480e-04,3.370310262899380059e-04,2.104973708191781395e-05,4.945120479305021385e-06,6.390221730768870949e-07,1.961603455705765985e-07,1.976493010271333821e-07,1.885305398730206372e-07,1.940486316513080954e-07,1.945049755375156426e-07,1.963846183871227620e-07,2.078579066029468351e-07,2.146644618196468637e-07,2.326945030949762465e-07,2.369614633367562508e-07,2.388026246380922963e-07,2.467600137346375133e-07,2.229957351457217867e-07,2.314690512788800055e-07,2.609240645773088130e-07
1.000000000000000000e+06,6.096446213721706288e-04,4.627297322560120049e-04,3.231161205697801267e-05,2.950345045700837678e-07,2.038209768121916513e-07,2.055551892638281189e-07,2.094345914328986020e-07,2.200461132505944031e-07,2.248404203327544930e-07,2.678909119845044569e-07,2.766335559779248306e-07,2.798500620269980315e-07,3.270866772111955577e-07,3.263378371597151938e-07,3.770449559894188362e-07,3.783142513279765761e-07,4.403343409257351658e-07,4.400384029020249617e-07,4.422048463486377870e-07,4.652687186761024842e-07
1.000000000000000000e+06,6.472695531782432423e-04,5.549249675952399761e-04,2.355966527757203784e-05,2.570740629466750208e-07,2.636313185255239125e-07,2.517239369213571411e-07,2.492227320941222100e-07,2.484406905748108333e-07,2.517293673103342619e-07,2.565021805917695306e-07,2.611142972350258184e-07,2.695478943190451888e-07,2.720660968227047845e-07,2.803975128876120430e-07,2.663186846070002833e-07,2.580931543020276065e-07,2.484485776046749613e-07,2.664830280248661481e-07,2.681495002284641767e-07,4.703876539198932143e-07
1.000000000000000000e+06,7.274014594626885145e-04,4.663833637712869748e-04,7.492990889893918474e-05,2.416816328648299356e-06,3.663844029539689604e-07,1.362473180517080836e-07,1.334184191785750281e-07,1.202992626360501243e-07,1.220052299994882070e-07,1.218714622129379170e-07,1.242712363456674992e-07,1.231527946516354809e-07,1.290339674861629265e-07,1.405413616320326656e-07,1.499332858475082897e-07,1.497215281762159442e-07,1.849646713532157168e-07,1.866658471656154416e-07,1.871851174485526690e-07,1.736345289702539414e-07
1.000000000000000000e+06,8.896421655699657824e-04,5.913489751533548789e-04,1.675573238034187655e-04,1.186539785780347573e-04,6.277158583651395669e-07,3.014711006801699238e-07,2.984476508051755181e-07,2.992577056344268112e-07,3.088001823199543981e-07,3.391875342814584174e-07,3.575651552124672488e-07,3.685540214107908915e-07,3.742262071074733289e-07,3.813076178217048647e-07,4.062920839514706864e-07,4.203796133854115669e-07,4.373702680440502372e-07,4.172267574382257034e-07,4.172352168042811360e-07,4.656911761720964094e-07
1.000000000000000000e+06,6.556924182185520575e-04,3.648865902642918469e-04,3.395399949364211222e-05,3.682679525223095419e-06,6.547353202850613834e-07,2.032899751106567064e-07,1.990816091798125943e-07,2.085555425470512637e-07,2.211436263433862086e-07,2.377216752136710242e-07,2.587842183581190646e-07,2.439707451127476386e-07,2.418396897089319912e-07,2.755626183744168668e-07,2.711228761174086252e-07,2.725978312903111319e-07,2.705071934096475137e-07,2.742172256733145054e-07,2.764959962431187335e-07,4.698507079083699503e-07
1.000000000000000000e+06,8.997451943328169544e-04,7.168959057960984458e-04,3.067281652796376677e-05,3.668492996296529305e-07,2.799518148956037534e-07,1.876884848117174057e-07,1.895817723691298942e-07,1.870081308054954287e-07,1.779510039596169807e-07,1.940836122935942735e-07,1.818388126157266699e-07,1.910571945542378280e-07,1.940567400024293815e-07,2.002027142093017396e-07,2.031475984006533450e-07,2.083892713820058021e-07,2.049266906490159470e-07,1.985717701575608063e-07,1.992676869728449550e-07,1.719314463750082560e-07
1.000000000000000000e+06,7.934619813880832914e-04,5.682859188367093799e-04,2.516789174387373509e-05,2.170910239686432346e-06,3.881929472936042052e-07,2.259912139986594749e-07,2.201784870222026603e-07,2.241158276261993357e-07,2.254520894658611111e-07,2.288564573148834507e-07,2.348849143763393665e-07,2.419393692420647004e-07,2.649676824879199143e-07,2.773185245293038382e-07,2.775432848654459450e-07,2.909156916736166626e-07,2.974717995631550866e-07,3.058269150052096882e-07,3.072495672351951283e-07,2.720577602015839843e-07
1.000000000000000000e+06,5.539107457318744867e-04,4.688159748122058129e-04,3.232418649525151740e-05,7.937217669589706707e-07,7.964049458472371376e-07,1.978631384521352029e-07,2.008665198681549812e-07,2.074812636140163056e-07,2.312533675717961497e-07,2.332651732430631288e-07,2.386041303047473985e-07,2.425974530116210147e-07,2.496346040974592580e-07,2.602770762994951069e-07,2.657917264324892664e-07,2.729442728854583251e-07,3.003453079064096217e-07,3.009729380885252575e-07,3.020913654987913409e-07,3.210401382497437395e-07
1.000000000000000000e+06,1.042047280374934579e-03,8.560914115368046477e-04,3.290880084435807726e-05,4.586226193466382125e-07,4.522708817938746208e-07,2.693709032428110232e-07,2.714714863734839568e-07,2.821187396585053494e-07,2.848075679782004817e-07,2.836111534691996439e-07,2.912700613766771363e-07,2.939820633111978486e-07,2.962671553318191700e-07,2.885208609044484816e-07,3.076557021177210789e-07,3.033579595064031929e-07,2.421130803046728720e-07,2.604001158632600564e-07,2.656576962529854128e-07,3.047750272208250559e-07
1.000000000000000000e+06,6.442815351581186864e-04,5.874406698878218086e-04,1.499289231438403873e-04,4.554096829443508550e-05,1.759425736963267356e-05,1.667332338041286503e-07,1.727754631883678676e-07,1.716014060314185625e-07,1.674175970122179651e-07,1.713832641268171623e-07,1.775112516737593259e-07,1.877330044245721601e-07,1.997439004987805652e-07,2.339759344005672035e-07,2.309612804137913005e-07,2.347656263713514657e-07,2.751354872935698683e-07,2.898005519596597961e-07,3.297723942581311960e-07,3.456899125398536090e-07
1.000000000000000000e+06,7.114161745791270676e-04,5.965108368857783075e-04,1.776006714068339184e-04,3.099571947125219345e-06,2.197723199334624785e-07,1.177437342861003730e-07,1.123475194709248912e-07,1.154661610411900060e-07,1.163397033531796943e-07,1.226680862851711560e-07,1.282437126498955125e-07,1.381142658091582630e-07,1.440724357836437652e-07,1.516823493112359467e-07,1.598516823804600474e-07,1.613247868035499699e-07,1.817903739267740236e-07,1.875885117321565914e-07,1.879104075232066537e-07,2.278057931652072768e-07
1.000000000000000000e+06,6.409592642959623674e-04,5.886067082828512964e-04,3.494703427652829400e-05,1.760050771611401648e-07,1.801150251641409362e-07,1.480843567242465073e-07,1.364229884005359532e-07,1.407839694645430093e-07,1.410655572924447244e-07,1.420476627211680010e-07,1.439517145971416700e-07,1.451742506650473962e-07,1.457399470894447996e-07,1.272510808323849465e-07,1.272499053725567256e-07,1.267655750502374763e-07,1.182571207049078695e-07,1.177145814243283623e-07,1.202836006512210042e-07,1.495448161053759289e-07
1.000000000000000000e+06,5.701241472864596992e-04,5.166331169246919999e-04,3.593878163353703614e-05,3.405626463516516897e-06,3.413842551604370202e-07,2.667347241690549026e-07,2.067281807519306698e-07,2.062823495232894267e-07,2.076414783069386804e-07,2.188564426375254885e-07,2.195225041224108726e-07,2.231936031059427476e-07,2.244172183135299738e-07,2.250424702331155327e-07,2.234336943465907041e-07,2.246593580654466907e-07,2.256849725314576440e-07,2.289972337615080774e-07,2.308653758999240735e-07,2.457283642236333330e-07
1.000000000000000000e+06,5.158843352034544940e-04,4.687739780550196972e-04,2.499344679291131912e-05,2.201475604756070005e-07,2.223693355989744998e-07,2.357043914080880793e-07,2.419790434824902124e-07,2.447694699118550753e-07,2.473960356486580644e-07,2.555436296064541557e-07,2.648236160598419244e-07,2.600167619611143338e-07,2.602564927053527200e-07,2.871968818696353258e-07,2.854814752252063040e-07,2.990512913560442037e-07,3.161889924563108603e-07,2.876529718976896359e-07,2.903102841714783077e-07,3.288137837346121429e-07
1.000000000000000000e+06,8.925800454026941054e-04,5.998960108042940276e-04,2.130475450470746210e-05,1.385417722969101058e-07,1.010558547269586434e-07,9.458974814902360288e-08,9.819563056883039788e-08,9.801709103750249893e-08,9.536598562796827731e-08,9.186395766576921749e-08,9.661001825123485779e-08,9.934146815071255205e-08,9.927446295733630515e-08,1.055885814201959412e-07,1.089202958012321784e-07,1.133118561311935810e-07,1.173870275238829788e-07,1.255932416171838394e-07,1.274274809169718895e-07,1.387062438924319605e-07
1.000000000000000000e+06,5.407675956194715446e-04,4.854705342571269812e-04,2.486547447853212065e-04,4.884063707445148128e-06,1.853731644326341358e-07,1.279857923095666982e-07,1.280707632113955178e-07,1.277024748588025096e-07,1.338539432532797460e-07,1.469662456242626561e-07,1.551967480115397344e-07,1.608230692227834781e-07,1.662003360186958904e-07,1.704921846629785059e-07,1.804123630361373978e-07,1.803680176584137973e-07,2.060292921097348904e-07,2.110539165260010726e-07,2.107783053071620767e-07,1.673079294254209335e-07
1.000000000000000000e+06,5.343648392532821673e-04,4.674394944296615412e-04,2.751939119720657147e-05,3.646262281131401495e-06,2.522283665093511178e-07,1.896070859556371847e-07,1.957261914888270746e-07,1.926817697993816665e-07,2.077481997451602111e-07,2.136312627455860212e-07,2.362598872581310801e-07,2.509648665476956740e-07,2.393980005602087290e-07,2.468355992989275377e-07,2.486254143139193148e-07,2.395146115318595077e-07,2.389883161270207204e-07,2.351492025897822137e-07,2.360574678398808996e-07,3.448402364497377734e-07
1.000000000000000000e+06,5.272902190513607378e-04,4.305562193786925825e-04,2.517618282487819274e-05,3.203416779400897402e-06,3.622643445327557694e-07,1.715526619552687914e-07,1.667642760113605041e-07,1.661718507006425979e-07,1.732072891920969212e-07,1.748670982412670233e-07,1.822417252923743924e-07,1.861536373268480119e-07,1.874847523888594469e-07,1.916805420916172944e-07,1.892668542357338185e-07,1.865228147340457093e-07,1.953405805309712193e-07,1.957245323722096601e-07,1.965355690916005835e-07,2.395483837995328831e-07
3.162277000000000000e+06,5.424017661474501420e-04,5.087870170215268942e-04,3.021956337352670659e-05,6.757189049639227923e-08,6.884798579409212478e-08,7.019851430426224447e-08,7.319883498233170291e-08,7.597456460661758441e-08,8.028526462017074851e-08,8.161855871109251958e-08,8.283048425671251531e-08,8.470822690608149912e-08,8.552603942919068467e-08,8.950244558764646066e-08,9.055907581337667996e-08,9.253289401303032946e-08,9.799206537537102078e-08,1.021380247951307971e-07,1.026870764287204813e-07,1.140839013240107513e-07
3.162277000000000000e+06,6.692146904556270327e-04,5.936333894663314587e-04,2.767199294136817562e-05,1.516417744711057522e-07,1.242385817217432156e-07,1.268995569754616532e-07,1.299511812251953738e-07,1.351383132066170109e-07,1.418601973090387807e-07,1.500320905301135173e-07,1.533065417010712109e-07,1.553069256666681816e-07,1.620596078891127901e-07,1.655800916771804118e-07,1.773060753590225582e-07,1.761677139910214651e-07,1.706981865250369696e-07,1.724131340999120159e-07,1.724459505629804336e-07,1.947195535863437668e-07
3.162277000000000000e+06,7.490372250218695505e-04,5.795253649450941152e-04,3.367048585013174061e-05,7.538824686241389047e-07,7.360986585318989279e-07,6.855100039288034033e-08,5.718529987854828199e-08,5.613735702772131015e-08,5.668851397106236627e-08,5.776685676864613353e-08,5.875559914980845867e-08,5.922896577122892405e-08,5.833617988376450574e-08,5.656813344030502407e-08,5.739493610998132366e-08,5.838160297317089523e-08,5.758485354308827529e-08,5.806967516627772467e-08,5.814413505592537788e-08,6.167877834716265529e-08
3.162277000000000000e+06,5.992773394658412354e-04,3.863501480437970420e-04,3.227209728547482035e-05,7.427370214584465417e-06,3.328730027256868745e-07,6.367228684320584842e-08,5.020065384218969813e-08,5.140627084055993197e-08,5.415259758261927371e-08,5.254840707021405085e-08,5.100445796046420620e-08,5.011661689536378172e-08,4.126744076604389482e-08,4.164896494751256781e-08,3.910326178725565169e-08,3.900467475313301167e-08,3.336895026863290909e-08,3.329222946263720792e-08,3.209492966603673461e-08,3.177891190230033594e-08
3.162277000000000000e+06,9.721101516359204964e-04,7.941785059831034908e-04,3.557065374533074437e-05,2.692716584667665128e-07,1.930970564704312892e-07,1.929257053402962063e-07,1.595969602802312522e-07,1.706203091828451223e-07,1.703663116036360396e-07,1.747003640492773522e-07,1.765496569558417662e-07,1.830474014369479644e-07,1.843357032626948526e-07,1.793104040433446532e-07,1.799274644361351563e-07,1.786424946275210878e-07,1.847860222970361886e-07,1.893668088895749877e-07,1.896581389771507217e-07,1.779405043021778317e-07
3.162277000000000000e+06,5.007259257621375637e-04,2.889039711702402237e-04,1.862895244139507864e-05,1.098183599454369897e-05,5.964301117578129355e-07,7.113815549105098416e-08,6.684112461047123913e-08,6.652595790974002632e-08,6.757432588793297320e-08,6.773343984058962659e-08,6.806346584058492026e-08,6.953771713290832637e-08,6.890913097938391677e-08,7.199823781539895998e-08,7.225561702701413952e-08,7.196771220055845002e-08,6.724820333256733289e-08,6.761881419042936996e-08,6.748322727547393354e-08,7.032109284914465437e-08
3.162277000000000000e+06,7.259700355396149149e-04,5.797958679079501807e-04,3.350233717782757480e-05,9.772266483931214241e-08,8.023251295653312271e-08,4.726036964031181967e-08,4.776069440099641698e-08,4.891836419117399807e-08,4.820230941928457096e-08,4.816778587874299467e-08,4.841855213178973164e-08,4.891142537354985467e-08,4.938350938268210019e-08,5.294729852275949250e-08,5.283808521812933775e-08,5.377270421056974315e-08,6.171288535964359630e-08,6.542567622328239366e-08,6.507898363166291016e-08,7.486839706501604206e-08
3.162277000000000000e+06,5.168055854216371207e-04,4.855249549370801846e-04,2.878762743734607457e-05,4.536324753558513635e-08,4.850933021173140352e-08,4.958882634888428054e-08,4.832849829458514938e-08,4.826042718192947906e-08,4.898388509955655032e-08,5.017235666222571910e-08,5.152888202997111584e-08,5.166621759955987119e-08,5.186745053878406718e-08,5.230337775396263424e-08,5.359302621990157572e-08,5.428124743878000482e-08,5.574728878394779482e-08,5.849986715394018641e-08,5.852760361842845156e-08,1.328612781088789024e-07
3.162277000000000000e+06,8.079707325562345086e-04,4.130123468253256024e-04,2.665481633853583466e-05,1.133559240766813327e-05,5.895356346479908073e-07,1.245373296669085598e-07,1.293370122993368701e-07,1.278798867367946410e-07,1.182367963154363564e-07,1.207181204031586931e-07,1.264943515595781259e-07,1.199930524647960267e-07,1.157421166108557587e-07,1.211736108537445039e-07,1.190543483602802168e-07,1.284386307338826969e-07,1.297522505063226426e-07,1.303972242408644510e-07,1.296090383150953679e-07,1.223453387143712127e-07
3.162277000000000000e+06,5.281624280101621322e-04,4.875558881012630251e-04,2.554627259847446594e-05,6.197789468562117105e-08,6.322507010782328518e-08,6.681341863913089248e-08,6.919510676509436071e-08,7.001993563986078847e-08,7.123441784842744644e-08,7.336571368719035353e-08,7.596089006123325490e-08,7.720216788018933962e-08,7.687864794487750787e-08,8.068395420689135916e-08,8.379292964641304332e-08,8.670866174962300709e-08,8.262648067033374392e-08,9.021398494217008437e-08,9.047343399031128471e-08,9.487978366647894784e-08
3.162277000000000000e+06,6.037453403423299891e-04,4.008699520891824365e-04,2.498285481806841011e-05,6.876646531653507797e-06,3.158538257257931686e-07,1.046802887707519997e-07,9.393711422455344302e-08,9.277020390563760648e-08,8.484649692171617655e-08,8.328760608066302488e-08,8.490877153825582066e-08,8.610980177813387208e-08,8.862356618245861342e-08,8.813913098020599614e-08,9.192632227486801687e-08,9.219846008234494706e-08,9.753697574996877876e-08,1.011827126960685292e-07,1.024133632851008595e-07,1.252762115343557250e-07
3.162277000000000000e+06,8.726755465338217280e-04,6.226242635439804829e-04,2.571414626618703325e-05,2.858949784406017645e-06,2.170271408107062519e-07,8.443166664640057159e-08,8.553755300417305455e-08,8.230462341426294680e-08,8.308668526759583022e-08,8.375377705234627397e-08,8.437479179454959044e-08,8.443210358422866793e-08,8.331988972261926763e-08,8.738230481537957633e-08,9.276703714771741219e-08,9.800436488219682410e-08,1.036785294166192268e-07,1.106640657465714798e-07,1.111125353258942103e-07,1.147487519040240114e-07
3.162277000000000000e+06,6.529238221168292807e-04,6.293735979819651801e-04,3.273049316536495680e-05,7.960093236205092302e-08,8.021623297954373735e-08,5.242862176901146610e-08,5.400858194686076917e-08,5.824455129266210130e-08,5.954528504138704527e-08,6.200244332823482979e-08,6.823174751661887481e-08,7.530411869089768499e-08,7.735778406522760601e-08,8.200127300481023910e-08,1.079331847203097610e-07,1.117035371333106049e-07,1.247290166714035342e-07,1.587764191911432578e-07,1.606834616657804051e-07,2.160457734389855963e-07
3.162277000000000000e+06,6.749196108281622008e-04,6.050161663753197668e-04,2.595820053860843220e-05,1.207177536054371412e-07,1.184385174248307917e-07,7.190324438155199020e-08,7.130864742678656025e-08,7.295093059631307430e-08,7.586738424275830959e-08,7.677629814991421176e-08,7.833884630830720272e-08,7.990819127273314224e-08,8.076443622275115064e-08,8.134797785643177458e-08,8.153703644844603867e-08,8.283107244491535035e-08,8.470422614651786785e-08,8.806592699627776911e-08,8.766920655701690819e-08,9.975720523984345418e-08
3.162277000000000000e+06,5.460156816347058826e-04,4.865890274929942630e-04,2.831532032738301932e-05,5.429120594052002863e-08,5.637448695285325824e-08,5.454709920634097189e-08,5.627523242285300248e-08,5.575237649079433124e-08,5.552981380212237850e-08,5.543379489292069160e-08,5.567956457807311267e-08,5.593887656563679236e-08,5.606349397190989513e-08,5.688310963730005775e-08,5.500875715825580278e-08,5.662726878600102139e-08,5.630688974438570645e-08,5.550231769995900491e-08,5.606545484451345956e-08,4.183279366898118713e-08
3.162277000000000000e+06,5.261823122760985729e-04,4.770534130891915573e-04,3.191203736864081051e-05,7.610098973068275539e-08,7.456490096096329998e-08,7.573567715162681562e-08,7.590638397905845525e-08,7.578153077299260517e-08,7.759125940245048259e-08,7.739762358930822908e-08,7.785386925499384722e-08,7.805920854108072704e-08,7.870615153918828086e-08,7.985023522719974915e-08,8.590621809865921977e-08,8.585431386943025155e-08,8.907771960884045170e-08,9.692524169844420759e-08,9.769894665479961020e-08,9.839912621884741322e-08
3.162277000000000000e+06,5.548722179418568183e-04,4.967939075182063475e-04,3.111988081005633916e-05,8.063063735657394700e-08,7.871862549752112803e-08,8.023992003014866553e-08,8.127939925855416106e-08,8.530227183018331339e-08,8.872000222500034988e-08,8.946023310267667859e-08,9.265917220412474743e-08,9.680296235521935125e-08,9.640271013888901138e-08,1.006982516994112148e-07,1.021973269914125750e-07,1.021165426545450343e-07,1.063009812539571046e-07,1.058634742003775008e-07,1.059606597734710198e-07,1.096175446342772459e-07
3.162277000000000000e+06,5.477428904768062668e-04,2.371165559020329812e-04,2.405665343626806101e-05,8.143067202229261584e-06,3.317174102657214718e-07,9.807678512500455291e-08,9.851935184222232918e-08,9.854887979455387191e-08,1.020199457622968783e-07,9.618166654349584511e-08,9.720446300856448258e-08,1.004591554212246998e-07,9.653512885481637101e-08,1.008243361412528336e-07,1.026462245344732734e-07,1.056197780270261123e-07,1.126410309484311147e-07,1.212392009702667670e-07,1.209278158770062138e-07,1.742568469753527681e-07
3.162277000000000000e+06,5.313260147138479123e-04,4.826513118165518651e-04,3.196057011802506080e-05,9.489569525844130320e-08,9.497197425988137808e-08,9.188852791432971614e-08,9.218752456445407248e-08,9.298793462169797408e-08,9.394748134505452652e-08,9.629020963907982175e-08,9.871460251406861658e-08,1.029369825022763943e-07,1.021367569440215532e-07,1.031681772184913758e-07,1.063724837338141954e-07,1.077018871861568323e-07,1.179914821810605475e-07,1.215803482310738695e-07,1.221220026719390814e-07,1.346749916546983939e-07
3.162277000000000000e+06,6.064370192476932096e-04,5.068774854588740334e-04,2.608499209743127587e-05,1.161268104009955390e-07,7.000006174556184230e-08,7.114840338236487573e-08,7.094321235414940206e-08,7.110148556296977607e-08,7.257304596583940495e-08,7.429143743070779360e-08,7.387246715607944054e-08,7.912674095058955517e-08,8.042980915944039472e-08,8.123479032189182144e-08,8.159168932374598853e-08,8.403655463810899863e-08,9.049567360597483179e-08,9.246930945961191076e-08,9.320796200728334948e-08,1.128865671793041177e-07
1.000000000000000000e+07,9.774712480183269520e-04,7.736942226045659746e-04,2.818424969630231383e-05,1.791440820195911431e-07,1.773592734833050928e-07,1.446122231692414774e-08,1.292006830238062033e-08,1.000723861993762182e-08,9.349384736430806079e-09,9.248005662982811943e-09,9.718666784682746407e-09,9.578476309549407523e-09,9.519878221676727301e-09,9.854457179261437477e-09,1.018017174682015906e-08,1.015121743012088785e-08,1.018306122653525980e-08,1.028324380644741474e-08,4.019947781364013380e-08,4.145441273355461400e-08
1.000000000000000000e+07,7.659447019682072595e-04,6.238902848108254144e-04,3.653237540858747832e-05,4.502494596524356191e-08,4.079794926249346497e-08,2.409617149953885301e-08,2.367508112269947345e-08,2.536933625252179166e-08,2.616979531331504494e-08,2.723433728808428878e-08,2.755886208574273434e-08,2.623871462549747106e-08,2.446696055226576994e-08,2.361775355874503299e-08,2.355656513976756733e-08,2.451250932909199172e-08,2.196029428802199355e-08,2.171747386108136960e-08,2.160625905858308981e-08,2.297703309383578407e-08
1.000000000000000000e+07,5.356203740727161601e-04,4.933820790813080170e-04,2.821272942762141324e-05,1.372770612287307044e-08,1.306350157824502945e-08,1.284527753155111139e-08,1.256834911758101012e-08,1.265249859061144697e-08,1.278431593071729445e-08,1.192576453051023571e-08,1.201301725847282208e-08,1.242564010395189275e-08,1.300236792751846533e-08,1.342264530975999495e-08,1.284140944531879595e-08,1.273116398828053418e-08,1.425733091392512684e-08,1.370746776335056039e-08,1.386713975184534738e-08,2.255610319489802948e-08
1.000000000000000000e+07,6.870408300816980207e-04,5.250049716926535621e-04,3.910987431852388558e-05,5.239982967355219662e-08,5.128912035588685718e-08,2.750599559287593694e-08,2.559306297198072897e-08,2.489645862876328078e-08,2.618126699617423050e-08,2.640375657703229919e-08,2.654117607141690375e-08,2.628926225627802928e-08,2.613764342156962552e-08,2.926875061088479240e-08,2.849088748513426640e-08,2.851314004912912548e-08,3.062008743636265819e-08,3.206033596412215113e-08,3.189376059126330583e-08,2.207942218017958881e-08
1.000000000000000000e+07,7.136262760711224252e-04,5.748286729494127669e-04,2.758637334432905761e-05,1.080594371186614928e-07,8.555311490055940942e-08,3.038986489964885961e-08,2.816389336959288605e-08,2.839822150250434560e-08,3.093607989520432167e-08,3.131051473708351676e-08,3.184266058634813540e-08,3.266898615559867036e-08,3.326252678541511124e-08,3.323850581274506191e-08,3.290347107958844804e-08,3.294515204727043090e-08,3.394631599462831542e-08,3.440364894487823131e-08,3.448272662578381593e-08,4.193162212821155877e-08
1.000000000000000000e+07,6.881404823013632975e-04,6.010977685860056929e-04,4.052651990043548550e-05,8.233314124160233966e-08,4.758507432518808752e-08,2.129275731971829956e-08,2.068632415230736805e-08,1.962732916704792031e-08,1.981840981122693942e-08,2.053808515753968662e-08,2.022293360435395169e-08,2.038784555143754053e-08,2.053779506215188872e-08,2.972566777369519424e-08,2.976737671817906787e-08,3.029885671929719511e-08,2.879596841218948414e-08,2.937103825321603707e-08,2.945633598343918944e-08,1.128314761512273227e-07
1.000000000000000000e+07,7.037247760482609991e-04,5.948521467447435160e-04,2.739628327545393275e-05,3.365585812794644573e-08,3.297803352751622428e-08,1.921473014405917181e-08,1.941157999496453521e-08,1.971994443201352028e-08,2.033191986060241540e-08,2.084194900528495544e-08,2.100462052080095365e-08,2.109356153042926258e-08,2.113960392580484600e-08,2.276162013872696369e-08,2.227675923691096704e-08,2.149133927692784587e-08,2.117712869720593408e-08,2.329181311883746618e-08,2.770374585361853170e-08,2.940585551546723587e-08
1.000000000000000000e+07,5.887246193718609789e-04,4.806660146320978697e-04,2.809580933758062149e-05,1.416501196017937838e-07,6.756494106235773928e-08,1.427661408971800483e-08,1.457406938989904372e-08,1.552439393161781961e-08,1.710753494702894580e-08,1.709455324782353817e-08,1.692688361341446004e-08,1.731305799488201141e-08,1.727139552681244243e-08,1.763625915300190027e-08,1.736656150024256917e-08,1.758640654389234900e-08,1.754328795472788840e-08,1.762359457420015331e-08,1.809059244821072193e-08,1.877319579226007594e-08
1.000000000000000000e+07,6.357881934571509930e-04,5.469995422763996185e-04,3.142739274664845174e-05,4.746266831782251095e-08,6.596687631813393941e-08,1.605874111706222828e-08,1.462334754661330958e-08,1.323810038761122471e-08,1.300305381315954488e-08,1.300302272043444287e-08,1.315318826973568570e-08,1.348696661086588543e-08,1.344104200008220310e-08,1.323970730889766994e-08,1.183192409705636559e-08,1.212804728385793066e-08,1.334079624627311514e-08,1.341434181011388108e-08,1.331887078543413377e-08,1.646697454468438400e-08
1.000000000000000000e+07,5.943506191779328839e-04,5.099757887640043834e-04,2.593214919161556563e-05,4.960181549290160133e-08,4.948506186897877583e-08,2.301272753217751425e-08,2.439573462100151719e-08,2.457128035298952800e-08,2.746386050349295260e-08,2.733543159059853799e-08,2.809421373100043668e-08,3.003471613796820664e-08,3.123782201472791875e-08,3.399163124257757270e-08,3.475908516329758706e-08,3.632868735614634836e-08,3.780299861863754451e-08,3.796192670635560669e-08,3.754106426668275719e-08,5.915266021930647613e-08
1.000000000000000000e+07,8.238653987572689720e-04,7.025373331033523414e-04,2.757847485772274955e-05,8.461577298625894703e-08,6.282461735286922289e-08,1.945203188599661936e-08,1.905709887440783250e-08,1.879994838074180567e-08,1.928140119653952423e-08,1.971047001747347252e-08,2.035293141714876598e-08,2.130836119094784884e-08,2.063715478138819913e-08,2.275929919453479943e-08,2.366472546773240296e-08,2.523269689661225138e-08,2.414055522699093125e-08,2.520089222969229711e-08,2.542446598610458948e-08,1.967951579404385560e-08
1.000000000000000000e+07,5.614825401400125532e-04,5.097279879246307405e-04,2.843125509867348391e-05,1.741247319438836964e-08,1.877836357065238417e-08,1.890570925502609315e-08,1.933835864479509192e-08,1.901168264317649186e-08,1.834178760541610223e-08,1.986803318147783157e-08,2.068888582338569707e-08,2.376770690903564358e-08,2.374369926594680307e-08,2.400291214739893475e-08,2.381661331423442667e-08,2.409191094632979847e-08,2.656585090121576185e-08,2.533060286871638107e-08,2.452193397047103017e-08,2.602550414930711134e-08
1.000000000000000000e+07,8.236328902028320536e-04,6.359525641086761789e-04,3.590645086828714766e-05,8.049108814416985574e-08,7.672138478223621642e-08,2.962243662654086985e-08,2.955207252340873866e-08,2.938928354454582867e-08,2.783222772366321746e-08,3.029252189189950973e-08,2.964972117082415654e-08,3.010651474825848656e-08,3.087965321773138193e-08,2.942129783704738627e-08,2.961375677643534315e-08,2.902971775488540586e-08,3.041308316827820169e-08,3.094890179670034331e-08,3.040926050989293770e-08,1.829393285878884778e-07
1.000000000000000000e+07,7.732189359732910550e-04,6.323479672564666625e-04,2.424945372600120590e-05,8.565686606813023579e-08,4.113833197223503502e-08,4.193316267149863794e-08,4.251239507174200380e-08,4.407569215726161086e-08,4.387422628731839212e-08,4.505614117283732290e-08,4.617793443134075232e-08,4.655962596239217513e-08,4.750877125781600594e-08,5.652659096131270900e-08,5.625693916197650495e-08,5.782606326517528571e-08,6.363730956894674853e-08,6.261461674540620410e-08,6.271369612311231870e-08,6.252621239654793879e-08
1.000000000000000000e+07,8.688696825126041370e-04,7.024758273564866377e-04,4.454041080594465835e-05,4.899023139782111520e-08,4.724893257415495033e-08,1.150712255246370312e-08,1.103095106817370541e-08,1.099470090013777931e-08,1.140533868908812352e-08,1.210246811591504442e-08,1.299645793158223366e-08,1.267733369520618937e-08,1.276296852209220059e-08,1.508369096438415918e-08,1.542215825382254625e-08,1.501594732559476975e-08,1.491404767176881941e-08,1.484000248625129704e-08,1.542811094478318268e-08,1.451367186089067045e-08
1.000000000000000000e+07,6.228483768776688946e-04,5.350806218382502238e-04,3.823086426160607327e-05,5.971092904580340422e-08,5.639203474606674293e-08,2.074305042035240050e-08,2.134648240208688035e-08,2.115087706635109750e-08,2.043131725318418097e-08,2.021916899194162454e-08,2.034502257879160703e-08,2.074798121071918428e-08,2.129187926647623515e-08,2.267862961263486474e-08,2.328756907508570353e-08,2.415139284666495600e-08,2.411751327399919872e-08,2.434273813900508229e-08,2.456559089556526308e-08,2.753680859677158575e-08
1.000000000000000000e+07,5.682389040636370934e-04,5.000534856631480216e-04,3.062115260252364573e-05,2.467569324386019671e-08,2.295487948583822360e-08,2.381778035648663180e-08,2.394023345602928021e-08,2.371816402958945525e-08,2.397251827389743165e-08,2.400456117313319154e-08,2.357141450070304517e-08,2.454822005361132565e-08,2.537449852877487176e-08,2.779400264460389947e-08,2.774881975693908297e-08,2.843247289562497850e-08,3.119237649598820205e-08,3.242757856586465058e-08,3.256420290352940079e-08,3.868696021341537216e-08
1.000000000000000000e+07,6.367496714372075216e-04,5.470318406597338970e-04,2.695587653474895365e-05,3.089514202239819676e-08,3.253823676061645466e-08,1.640169064836502629e-08,1.687684448453806329e-08,1.534415807445186245e-08,1.701051960078945289e-08,1.689717082690314007e-08,1.643728684297928453e-08,1.618887228727148459e-08,1.762631062804262868e-08,1.800723638940465309e-08,1.788902136149362988e-08,1.793762463170001713e-08,2.202999029909278598e-08,2.090746451846143782e-08,2.094116175428062641e-08,2.706440849840442438e-08
1.000000000000000000e+07,8.997322687591107621e-04,7.743570211864648405e-04,3.182268384571353717e-05,1.279636923965493150e-07,1.297487291143904254e-07,5.413859346743540844e-08,3.985254800329681875e-08,3.908588438275840574e-08,3.966043150060230926e-08,4.136720888558877784e-08,4.186835524707173399e-08,4.279279228986188556e-08,4.337608333370913778e-08,4.439259699433779629e-08,4.593967116263519377e-08,4.580399325303583861e-08,5.410944661368206868e-08,5.824986628520116730e-08,5.848493044999530072e-08,1.710436556643662675e-07
1.000000000000000000e+07,5.511517095658369095e-04,5.220752639268372991e-04,3.267945039522487623e-05,1.224779730928808829e-08,1.171670913864184808e-08,1.212436514840861667e-08,1.287440928609619053e-08,1.301110828349346492e-08,1.371182452025328662e-08,1.345939684870544735e-08,1.339910803874710966e-08,1.308281486818316707e-08,1.297549864394093810e-08,1.243942100174801125e-08,1.301295885433745033e-08,1.277664349196758627e-08,1.313010716439690091e-08,1.365142579563971694e-08,1.372377002426625529e-08,1.408731526013824430e-08
