# Parameters: n_bins=90, K=5, n_traj=5, diffusion=1, dt=0.005
1.000000000000000000e+03,5.897935773448669244e-04,5.772691099409216469e-04,5.228623172079113280e-04,2.761099564052330816e-04,2.788381004300616761e-04,2.292141161235749125e-04,2.355082155249800741e-04,2.345871981973037792e-04,2.425624880381704906e-04,2.583953380895621195e-04,2.695527169860631282e-04,2.829289676441481844e-04,2.859328732224921169e-04,3.209959166323540845e-04,3.290054290506832721e-04,3.438718931666453951e-04,3.004569845310601367e-04,3.206050924608766397e-04,3.194444261093899056e-04,3.211686096856325315e-04
1.000000000000000000e+03,6.110793651634657039e-04,6.400385268115948902e-04,3.891782947786480039e-04,1.964877941177500917e-04,1.972273088820046777e-04,2.013854688006467642e-04,2.021254566011962991e-04,2.123637814955202873e-04,2.170090233626089347e-04,2.250782820142926716e-04,2.241644879244031417e-04,2.357706288331567980e-04,2.459896828872117362e-04,2.622987641044292537e-04,2.700174827282910426e-04,2.689827178849080614e-04,3.454192876938444630e-04,3.865207505564344464e-04,2.901916069794171138e-04,2.775238353052295590e-04
1.000000000000000000e+03,6.410837155742379672e-04,6.255051408085335026e-04,2.983637566705480532e-04,1.444120085500141435e-04,1.278153893995023977e-04,1.238375003635513603e-04,1.277495312450609350e-04,1.306884309716930452e-04,1.281353105858091927e-04,1.247225693428263729e-04,1.390081366811953684e-04,1.484418931456735734e-04,1.480074390460105064e-04,1.439666023179798178e-04,1.639557397023041541e-04,2.135416226265027446e-04,2.217186223457577262e-04,2.421362711581509194e-04,2.364054118818791593e-04,2.171179458213141878e-04
1.000000000000000000e+03,4.413796092312234024e-04,4.580645093523201929e-04,3.450436889752289292e-04,2.004148795714443205e-04,2.092559378868923776e-04,2.094494574206658317e-04,2.204082849308668319e-04,2.326365148643912877e-04,2.346423900764746146e-04,2.353254953773738201e-04,2.413244065477110323e-04,2.586182472812181897e-04,2.519623768485781653e-04,2.521492428891571524e-04,2.595900344066361500e-04,2.587459596112682723e-04,2.645972086547935718e-04,2.656227351850426986e-04,2.831294633649334108e-04,2.910222797739477627e-04
1.000000000000000000e+03,4.767244569042677145e-04,4.863656295161297586e-04,3.183485813657577625e-04,2.239916908674533782e-04,2.137342475700564526e-04,2.180184964050589842e-04,2.291803901317207635e-04,2.367062108911425686e-04,2.417545588244904558e-04,2.472313805514470084e-04,2.470942680107112831e-04,2.581226313721865810e-04,2.592636449023493243e-04,2.523232765254765516e-04,2.594112742306521027e-04,2.760181104748624928e-04,2.827948717123605015e-04,2.941306680864914881e-04,3.217601762882473827e-04,3.146580000331692631e-04
1.000000000000000000e+03,5.615150759906721491e-04,5.611097914316802394e-04,3.467689403265127382e-04,1.803337399434755471e-04,1.698201947465842530e-04,1.393516154672845466e-04,1.555289449004549913e-04,1.739900006759328673e-04,1.782649538067558798e-04,1.762117074090473938e-04,1.740016925509262915e-04,1.778921891541105846e-04,1.907973016368259053e-04,1.953604807124010917e-04,2.057298427032706173e-04,2.102318727964735902e-04,2.167949119449644744e-04,2.135005766314640799e-04,2.296814780298427321e-04,2.028638717500111117e-04
1.000000000000000000e+03,5.104965803465092789e-04,5.618763505862334369e-04,3.331438363414216189e-04,2.502971151955449085e-04,1.801940176368911368e-04,1.618157519116613470e-04,1.654349180755794826e-04,1.652913068162812033e-04,1.639044901211047882e-04,1.665777739611487248e-04,1.708272254179206537e-04,1.831703384066037609e-04,1.709291134350932712e-04,1.711580019045811512e-04,1.760499971690730975e-04,1.813911035226216666e-04,1.686267788853232168e-04,1.678770537177412525e-04,1.715150421304951242e-04,1.882014343205526765e-04
1.000000000000000000e+03,5.669753579868853054e-04,5.375930172345398054e-04,4.231840855886610017e-04,3.125499736156312782e-04,2.091595222621148696e-04,2.053885889914296907e-04,2.089647590021322630e-04,2.075221078950248606e-04,2.136817551460669774e-04,2.194311968545696124e-04,2.223440316776535263e-04,2.205279110166426693e-04,2.268447789669453079e-04,2.341321416904279323e-04,2.322741427690953528e-04,2.320392450244523799e-04,2.621623454587281130e-04,2.608107968630993148e-04,2.369881674950135881e-04,2.472627462120124205e-04
1.000000000000000000e+03,5.208666145355353438e-04,5.078111492037803466e-04,3.097172671291402489e-04,1.786500016933916077e-04,1.471889277561248550e-04,1.476478152031942734e-04,1.524622085097696359e-04,1.570196103976783341e-04,1.571820853964084916e-04,1.555477930687782851e-04,1.566574218655312654e-04,1.607207971499085208e-04,1.663305886459427686e-04,1.663014843580683212e-04,1.700204628897128358e-04,1.727875310331362035e-04,1.818449309182592428e-04,1.826495446046521253e-04,1.880892978635390175e-04,1.990197003779399022e-04
1.000000000000000000e+03,7.054276208924357798e-04,6.758161479374757280e-04,2.503759239453259562e-04,1.560134814549632844e-04,1.669910098245872302e-04,1.726522967496754777e-04,1.706762747946750285e-04,1.715482958141767206e-04,1.731267616243377979e-04,1.721167039555907224e-04,1.775469237610678263e-04,1.694336762776498494e-04,1.705174013954849864e-04,1.699543395087270057e-04,1.828761733808173279e-04,1.848064995842722043e-04,1.922432015604885237e-04,2.020059312003563007e-04,2.205464209018281332e-04,2.234915945830569218e-04
1.000000000000000000e+03,5.796176378195189247e-04,4.793810779168513258e-04,3.049398143344915512e-04,1.722538767700687709e-04,1.670490914281827933e-04,1.665315177150214151e-04,1.677849178686434005e-04,1.728492525054451398e-04,1.764198573366259335e-04,1.770601145476572368e-04,1.838134909992360981e-04,1.937929159639957901e-04,2.018750551391843570e-04,2.031523250508664136e-04,2.053720489056957618e-04,2.061729879464344766e-04,2.025449662689192659e-04,2.180182947434621389e-04,2.266402625944922240e-04,2.489681727261231371e-04
1.000000000000000000e+03,6.617766415997978005e-04,5.203749921671881312e-04,3.400748210247098039e-04,3.433674085162273233e-04,2.621154151900417372e-04,2.710474085426061125e-04,2.745992953513402184e-04,2.892150709929212872e-04,2.890224006178479760e-04,2.871535011138261683e-04,2.870640313003516484e-04,2.933811297508104126e-04,2.884852265977887100e-04,2.938471347172444338e-04,2.973125403041958497e-04,3.139311483992924070e-04,3.030596649934266980e-04,4.980915939014695466e-04,3.101321912387332552e-04,3.068121448330706695e-04
1.000000000000000000e+03,6.092713618986855947e-04,6.224519182980262641e-04,3.721821195590656458e-04,2.381195531207538311e-04,2.401867502275624271e-04,2.341936338364593642e-04,2.454168744869825386e-04,2.538723487182005674e-04,2.610875161584503071e-04,2.591702891208240976e-04,2.781082652430299606e-04,2.816130397705247663e-04,2.838417433678166926e-04,2.916884573127979442e-04,3.349214468406232735e-04,3.187068177614268603e-04,3.427728977485001906e-04,3.558319633768941299e-04,3.327898104718642102e-04,3.638083659255493259e-04
1.000000000000000000e+03,4.696634712722142792e-04,4.500488422405508871e-04,2.409100103970770481e-04,2.208656983456373064e-04,2.134077192958487525e-04,2.193451932910991855e-04,2.142461769343993912e-04,2.104644939894615558e-04,2.122383692960571775e-04,2.174931950922742035e-04,2.189884731083411706e-04,2.219891179238829169e-04,2.315118361871714521e-04,2.377001069082199656e-04,2.638020702920821519e-04,2.692350890655432366e-04,2.725813302704370683e-04,2.737843971578008480e-04,2.801964009882741322e-04,2.838554161844624476e-04
1.000000000000000000e+03,4.430021892409110934e-04,4.511132392186782344e-04,2.804860700804655033e-04,1.361187461388913542e-04,1.299786648283937206e-04,1.262890382336191752e-04,1.270695776226600428e-04,1.307874432019759804e-04,1.307921431041073306e-04,1.317741368201450598e-04,1.380552882332278047e-04,1.458307262232158455e-04,1.331246789719752767e-04,1.347583921792646624e-04,1.410414412306540443e-04,1.390995933572177748e-04,1.400734481164663773e-04,1.396299301470322056e-04,1.867888293578029348e-04,1.953623805854847622e-04
1.000000000000000000e+03,4.478846841470536348e-04,4.232766468467771956e-04,3.865602688733636629e-04,3.579215530704825637e-04,2.348701954757501488e-04,2.374699719176825378e-04,2.465899667038387436e-04,2.466401887408319472e-04,2.517924501386567949e-04,2.577787852470180821e-04,2.672465544427163569e-04,2.552736729110976458e-04,2.895997190406756640e-04,2.922751051407778550e-04,3.263225364703827491e-04,3.439604830701285831e-04,3.262357618471047938e-04,2.966222659184367051e-04,3.013113815182734780e-04,3.194325489488048430e-04
1.000000000000000000e+03,6.105723826109195991e-04,5.660934862512938303e-04,4.812475525416605058e-04,2.836936484830645112e-04,1.882018977648690198e-04,1.885776814210544234e-04,1.973586689125220422e-04,1.982496697152624733e-04,1.977376383649091590e-04,2.019673522950378680e-04,2.083864609643582575e-04,2.170613282878534997e-04,2.194568105609067592e-04,2.163339657648735400e-04,2.012114422586854521e-04,2.006008587737015891e-04,2.020652386493483545e-04,2.040180905793692655e-04,2.072646708983564006e-04,2.173061659419730357e-04
1.000000000000000000e+03,6.672335866108550922e-04,6.425841058177515601e-04,4.653892236129115252e-04,2.165734551954399500e-04,2.043542892068125666e-04,1.550416084165621349e-04,1.681469423421432137e-04,1.674091214823253480e-04,1.718119286604494417e-04,1.775337948504688461e-04,1.791452532845470293e-04,1.792104690310149684e-04,1.859900959398602769e-04,1.865468563791679367e-04,1.918288639889949656e-04,2.285156339564353516e-04,2.059426413840613685e-04,2.110727659080056115e-04,2.082784692216257201e-04,2.100331091160130320e-04
1.000000000000000000e+03,7.104522670730493115e-04,7.811873509679291170e-04,4.306480171555391429e-04,2.606698486592428634e-04,2.268161525614070210e-04,2.284893415618588074e-04,2.410264513586329025e-04,2.439887915166450826e-04,2.438986133272271015e-04,2.647643104114106747e-04,2.706026660029659339e-04,2.780057169181002490e-04,2.947879138065253170e-04,3.107465294191373096e-04,3.103059917226393713e-04,3.220484932165496505e-04,3.531178980194544397e-04,3.621092564409602080e-04,3.863999807828581387e-04,4.041822796916870204e-04
1.000000000000000000e+03,5.967416142967214799e-04,5.057170473086089989e-04,3.683000861464547776e-04,2.194963071728351419e-04,2.107102703240656700e-04,2.120875609223694155e-04,2.133455260512761458e-04,2.136934141373333289e-04,2.159116664960906583e-04,2.173754861255241784e-04,2.232906184736125049e-04,2.293410589441664273e-04,2.236154365204664812e-04,2.282187722166633651e-04,4.811187051069574648e-04,4.780311936202049023e-04,2.890689669522356932e-04,2.830951217029065679e-04,1.023674876848258957e-03,1.487151159621250820e-03
1.000000000000000000e+04,4.027614147452257000e-04,4.103454551556011453e-04,3.387397215377855849e-04,1.222965174457855562e-04,1.601202621506695042e-05,1.596255593002021304e-05,1.585632195828149906e-05,1.604026431335801373e-05,1.566486677033198958e-05,1.570518859886899432e-05,1.603333683237050499e-05,1.606591883866477404e-05,1.646504569009203209e-05,1.666379439731088176e-05,1.688438433107412352e-05,1.724030057929595459e-05,1.804826741780275973e-05,1.819244227203284085e-05,1.926769985958875291e-05,2.051019787285377835e-05
1.000000000000000000e+04,4.736695061886846310e-04,3.302292772441790293e-04,2.561468461004918172e-04,1.737582873933438631e-04,1.156913193334495359e-04,2.232081457485981081e-05,2.304848664783832969e-05,2.329925007974972297e-05,2.405179902554786516e-05,2.494944270847323123e-05,2.563716361411492404e-05,2.650388203147727531e-05,2.852908654227114948e-05,2.875758876129573134e-05,2.906144918155175781e-05,3.145243752640666872e-05,3.128242654276466709e-05,5.592271818318780363e-05,1.008382487575677257e-04,3.296362946538328946e-05
1.000000000000000000e+04,6.802911359127850098e-04,5.228741186409179400e-04,2.617510418815858814e-04,2.217928424044073054e-04,2.919088966036291686e-05,1.904388768538834429e-05,1.878770496631194798e-05,1.858924096811245569e-05,1.875030701353909475e-05,1.849016116912766277e-05,1.880396028009255084e-05,1.890354923952060586e-05,1.897562520810215812e-05,1.951183217721986799e-05,2.081324412968657816e-05,2.141007240198893505e-05,2.157053665965138494e-05,2.159785443617522128e-05,2.297998393123689949e-05,2.297886610711748209e-05
1.000000000000000000e+04,4.451603406406777204e-04,3.469659409120920781e-04,1.561158256216652377e-04,6.431111180475845954e-05,1.188232589011771496e-05,1.140402593442124965e-05,1.169216293622008951e-05,1.163764405736159690e-05,1.177026162315870857e-05,1.196361847425488322e-05,1.228750943530013862e-05,1.257265183804753879e-05,1.274134785490147476e-05,1.294308977471355514e-05,1.458292677536095292e-05,1.437363110740746963e-05,1.455307695446586695e-05,1.417130193958368754e-05,1.507769798352237418e-05,1.527682118425228175e-05
1.000000000000000000e+04,6.718670755899323541e-04,6.250423921026902925e-04,2.250713938772062688e-04,1.639225857143160716e-04,2.205214434572404502e-05,2.169373986747210844e-05,2.059679156047811767e-05,2.033561685458522110e-05,1.956474702321192263e-05,1.961970743851884372e-05,1.783713986786790020e-05,1.702325929581631738e-05,1.735848070973478003e-05,1.735929034466484599e-05,1.763063980003741490e-05,1.790843961494489601e-05,1.830380009266186975e-05,1.855850631575459920e-05,1.947253323702075791e-05,1.957378153396405090e-05
1.000000000000000000e+04,4.088735623921692115e-04,3.156795352446116780e-04,2.923868174910299500e-04,1.508408412555506395e-04,1.758396406226943185e-05,1.662065923041773513e-05,1.734908228607227643e-05,1.810638295606857196e-05,1.806441693901663566e-05,1.823791011272009633e-05,1.921610247141663675e-05,2.021285800542748829e-05,1.960319740207322884e-05,1.966109968381428021e-05,1.962370392660417917e-05,1.972373573202802256e-05,2.090800222473750142e-05,2.226882770894291058e-05,1.979907567245422199e-05,1.978470793331043879e-05
1.000000000000000000e+04,6.313193339802927262e-04,6.185976888941831535e-04,1.292895432278360203e-04,4.156918000697583843e-05,2.986231762105384739e-05,2.793023809721738283e-05,2.808387775976906955e-05,2.858186655570273983e-05,2.916995955469666073e-05,2.984644395137313252e-05,3.009404517306185845e-05,3.042181262494143381e-05,3.044141100142386209e-05,3.085392006934424368e-05,3.107457908863767957e-05,3.128328521959323545e-05,3.552228886943665452e-05,3.569806795412162805e-05,3.559490356914659943e-05,3.944875701059748994e-05
1.000000000000000000e+04,5.129647888267576880e-04,5.380087039883236664e-04,1.671079056495870330e-04,2.181835737636957629e-05,2.149150398900624427e-05,2.013616238179630099e-05,2.004139156672775566e-05,2.034216639731416346e-05,1.999544694952261337e-05,2.030073244090270019e-05,2.053787432702807835e-05,2.138718205660073874e-05,2.181403754856032172e-05,1.898486964143549988e-05,2.097926687580575644e-05,2.044452838670567240e-05,1.826386755307008445e-05,1.686045292338503681e-05,1.776736174821923761e-05,1.964968303128427363e-05
1.000000000000000000e+04,6.501575496827530394e-04,4.587035368539572064e-04,2.232314014725085083e-04,1.238153410839815810e-04,1.047480260965087844e-05,1.021156321613556695e-05,9.701963883477862942e-06,9.767493661500270213e-06,9.904426792346080066e-06,9.639694815836519302e-06,9.703420860332486684e-06,1.007271516727754199e-05,1.048012146223111799e-05,1.083226273392606181e-05,1.106805564302921426e-05,1.132240585905767149e-05,1.246595292081091044e-05,1.281242508361193977e-05,1.333272744822530980e-05,1.408645084165481790e-05
1.000000000000000000e+04,6.416344649102703052e-04,5.251268422113315997e-04,9.734246429317225868e-05,8.233630683644521447e-05,8.402226465964976237e-05,1.405106753469385402e-05,1.434759920969437184e-05,1.437843381497491322e-05,1.476088597256943561e-05,1.490632129784220610e-05,1.544937996176972032e-05,1.548558656777461215e-05,1.591155189364960664e-05,1.626789055172112388e-05,1.706769902021579977e-05,1.814184074779505752e-05,2.139912686346596337e-05,2.147854201416876327e-05,2.347986558516651425e-05,2.470312762228450937e-05
1.000000000000000000e+04,7.928891039362549655e-04,7.213729481020214433e-04,8.380281809472120685e-05,1.665161466678417336e-05,1.616158274814226265e-05,1.657790862548418306e-05,1.673431527747194162e-05,1.595360867118431758e-05,1.552515160505139682e-05,1.569813605345731977e-05,1.561821812188092761e-05,1.611253042560209308e-05,1.552927438624748753e-05,1.591192216349876105e-05,2.031631155923038014e-05,1.904648862331007040e-05,2.388876087709566914e-05,3.382983752704233168e-05,3.019242943097534256e-05,1.855778221920777082e-05
1.000000000000000000e+04,7.523994362116753461e-04,7.303916358982647569e-04,2.255292996647022068e-04,1.369635322786956846e-04,3.642726260446846646e-05,3.553970563660355768e-05,3.705718124904732027e-05,3.527572615692418630e-05,3.607725944875713608e-05,3.620548596396354492e-05,3.741867001736869449e-05,3.763090311306600393e-05,3.502757699999308171e-05,3.533751921208451766e-05,3.800322193226746012e-05,3.803327641741093977e-05,3.744913055897223668e-05,3.589149049306834740e-05,3.940938169216343930e-05,3.943722931422659930e-05
1.000000000000000000e+04,6.117698326508347459e-04,3.999413685121212206e-04,1.230128834223766004e-04,3.930132193475410524e-05,1.360576832424494595e-05,1.382591726247969359e-05,1.388837158059921960e-05,1.395249931996496915e-05,1.404807005908085621e-05,1.409033960128849559e-05,1.478333625622645828e-05,1.472948472517014068e-05,1.476926378974816814e-05,1.487433345754267259e-05,1.642251470797984007e-05,1.662657828483771620e-05,1.759506222458546290e-05,1.764668291538055997e-05,1.874527360868888162e-05,1.938268142685868061e-05
1.000000000000000000e+04,4.523026597568891157e-04,4.627743580058037653e-04,1.886847461883500395e-04,2.309116067527971469e-05,2.409154288165182370e-05,2.271942318433543091e-05,2.337000890551771954e-05,2.418578204975113289e-05,2.423270252706400651e-05,2.502861909348068196e-05,2.567478551938839838e-05,2.749222953229657498e-05,2.789463917904439009e-05,2.835781284659679401e-05,3.013495437700676810e-05,3.037566413739646839e-05,3.223531932429140700e-05,3.210760579719948942e-05,3.244309412219705706e-05,3.344756532757357922e-05
1.000000000000000000e+04,7.645762172911303939e-04,7.411278834268119091e-04,1.919175188901470761e-04,3.854090254775163733e-05,2.484142318413166969e-05,2.569024711502717793e-05,2.782971563825930886e-05,2.805565565380313263e-05,2.916558983111965184e-05,2.944550620038784370e-05,2.957125598295989828e-05,3.035226028519924730e-05,3.303842903186440843e-05,3.338066686338044334e-05,3.412382148110494021e-05,3.438508593513255556e-05,3.576928492955785564e-05,3.615982524135862377e-05,3.661687430361166927e-05,3.578864116749223096e-05
1.000000000000000000e+04,7.887776167296447300e-04,6.402299632961866048e-04,6.346116222448785202e-05,2.156726786604186996e-05,2.178133524722791772e-05,2.310490394645527701e-05,2.356803881123834045e-05,2.344020944013676532e-05,2.337440083139482274e-05,2.352166979189062871e-05,2.406924074371009564e-05,2.492814349301263047e-05,2.501004214951846690e-05,2.522544518541230412e-05,2.571437771639344244e-05,2.638968189478877032e-05,2.706995635473422328e-05,2.702019367883403715e-05,3.457830502121869807e-05,3.473452160640808680e-05
1.000000000000000000e+04,5.302377518180127107e-04,4.816296937055483738e-04,1.678118223558972423e-04,5.085006631903007718e-05,2.795788016839416220e-05,2.689119710576089574e-05,2.764770531268553956e-05,2.779167709986101435e-05,2.918436110941619038e-05,3.008464997331175030e-05,3.088550416505943876e-05,3.231093191500888023e-05,3.475515115325075890e-05,3.501882870914153401e-05,3.739930806187163149e-05,3.850225945016320873e-05,4.063791326463905417e-05,4.293291837855690613e-05,4.799706239150327436e-05,4.944316830273093094e-05
1.000000000000000000e+04,5.518800087251531225e-04,4.753594262904097781e-04,8.843992563980689417e-05,1.869190131946606457e-05,1.648988917745882620e-05,1.677386985450752917e-05,1.684914877310282638e-05,1.698063250196125761e-05,1.712571668944396985e-05,1.721789435584344396e-05,1.751521418699829104e-05,1.772478026001341454e-05,1.779464932688573669e-05,1.813403742559619098e-05,1.882226869185367560e-05,1.895163359368977720e-05,1.935230251380325013e-05,1.965895491457823454e-05,2.017002521800294323e-05,2.033615770278381156e-05
1.000000000000000000e+04,5.036239966234969719e-04,4.058782039390702000e-04,2.297283285502002364e-04,6.000971405540193214e-05,2.150993474296934420e-05,2.170768963365786561e-05,2.251817143055035515e-05,2.285604453267745480e-05,2.424962011009290446e-05,2.472756900253479225e-05,2.550916036447095568e-05,2.739032085176642726e-05,2.780943367770094280e-05,2.793089460864646870e-05,2.920005014013637838e-05,2.914720285006514548e-05,3.126745948300184880e-05,3.404235641265753582e-05,3.529731782193481029e-05,3.551766443921801347e-05
1.000000000000000000e+04,6.675370382580267945e-04,6.106513632339172605e-04,2.041239061501218537e-04,1.620645561959923784e-04,1.843611481883708343e-05,1.654446528021051479e-05,1.678398325384059621e-05,1.674282298665528520e-05,1.684053727762634145e-05,1.602885873165644151e-05,1.602483784348747130e-05,1.646782762453833640e-05,1.659433017854468589e-05,1.477442799064091473e-05,1.562347645932856053e-05,1.605079377073715560e-05,1.495662702415957578e-05,1.521435316150542477e-05,1.586507786453468966e-05,1.606290754185115134e-05
1.000000000000000000e+05,5.859952612660731912e-04,2.839607052418539413e-04,7.389589445133520602e-05,8.178471575942006133e-06,3.688097647624794304e-06,1.999811777784084581e-06,1.982834438153703108e-06,1.982005979432234160e-06,2.003178733249103898e-06,2.342750617649733721e-06,2.610956674762104587e-06,2.640448128248945784e-06,2.609205606794154108e-06,2.966659395182932534e-06,3.047316625879144058e-06,2.986355182597992722e-06,2.882142333725130551e-06,2.902632098135188714e-06,3.043741910713033562e-06,3.049034675262806422e-06
1.000000000000000000e+05,6.682702807140598498e-04,6.306201715253170921e-04,4.784261950565494610e-05,2.693494501793275560e-06,2.719883926851795312e-06,2.832962804482762178e-06,2.995315664721356132e-06,2.967836871800114744e-06,2.939110047992491027e-06,2.989955933180986256e-06,2.975444948758618718e-06,2.970559698802534609e-06,3.018618913517453792e-06,3.017072076722553637e-06,3.072289857339329606e-06,3.088632721667608460e-06,2.902575552918929739e-06,2.914348506853429503e-06,2.847946390714944739e-06,2.943299345070761878e-06
1.000000000000000000e+05,8.214796736038405258e-04,6.765651480334502555e-04,3.365315815291640639e-05,1.746834638803032784e-06,1.643440660626398351e-06,1.573125174811306020e-06,1.568977984725789184e-06,1.595633671985634938e-06,1.629471185857401904e-06,1.653471053474719037e-06,1.700473239068030169e-06,1.778931444756936546e-06,1.778254750334045393e-06,1.784508677994088509e-06,1.748207509195249643e-06,1.764625352849486663e-06,1.828809615643411953e-06,1.803575850925351984e-06,1.869861639861499376e-06,1.905462592341935603e-06
1.000000000000000000e+05,5.002879576197271977e-04,1.772135714714178885e-04,2.760481765075953003e-05,1.846834314378846249e-05,2.824294603554934709e-06,2.366968839209789410e-06,2.420390135718943404e-06,2.487858658613431524e-06,2.566057604026818155e-06,2.609678436625111053e-06,2.692932400388493658e-06,2.847684821948425926e-06,2.846121907739620388e-06,2.860577224758084480e-06,2.981307312919357699e-06,3.014386792109339504e-06,3.027720642595507740e-06,3.047785454169156109e-06,3.195692876642528013e-06,3.261953168884992531e-06
1.000000000000000000e+05,6.291813186864609339e-04,4.915758467655984574e-04,6.674705485350426965e-05,2.353793031743064781e-05,2.467212529438255155e-06,1.622405215910422657e-06,1.632299488012675710e-06,1.683920858695889178e-06,1.721466621090777679e-06,1.799909022667781533e-06,1.800015643140827716e-06,1.869949642131920892e-06,1.908376016283814953e-06,1.931090448782209621e-06,2.007429771488168526e-06,2.034889401641594188e-06,2.117681969918543906e-06,2.133058419805727809e-06,2.330671727649348602e-06,2.354991803471240344e-06
1.000000000000000000e+05,6.987437231309775575e-04,5.768325581521957903e-04,1.124959103536713519e-04,8.098870666285150355e-05,8.636705999122133606e-05,3.263610112309409934e-06,3.293994700111594023e-06,3.321178004697973681e-06,3.519256329889541507e-06,3.642151808477080435e-06,3.766150364140537571e-06,3.805718782020041213e-06,4.137058317835512503e-06,4.287269841365589360e-06,4.388382815101765304e-06,4.488138238909113971e-06,4.872606432040346914e-06,4.882798569914259694e-06,5.257449858611807734e-06,5.243283885420753599e-06
1.000000000000000000e+05,9.373798687691713063e-04,4.520886651746369549e-04,8.418556774561615312e-05,7.698056204416260607e-05,3.848016339360658500e-06,3.697514170495888358e-06,3.631212400414544429e-06,3.634072311131110643e-06,3.666498087436856725e-06,3.695347333609503388e-06,3.703295578176536940e-06,3.732185125728181693e-06,3.734204917918388818e-06,3.725990312092679799e-06,3.750326366655027988e-06,3.793780148967110438e-06,3.822321610556775146e-06,3.822394030663285003e-06,4.099309245588033406e-06,4.117192557246733228e-06
1.000000000000000000e+05,7.607343221109533595e-04,7.220178928397781668e-04,7.223668636128392025e-05,1.978208203312607855e-06,2.049956564717431239e-06,2.171482143182648260e-06,2.179294635246815402e-06,2.185771801025446973e-06,2.422836446116444776e-06,2.420916158026908478e-06,2.395517499540721514e-06,2.650833449240288628e-06,2.821209063124353897e-06,2.820602062350036584e-06,2.991023129408414061e-06,3.052810460964283965e-06,3.157034167770377705e-06,3.153779960288302832e-06,3.206032509666428547e-06,3.252993107285512475e-06
1.000000000000000000e+05,7.151763081836991394e-04,5.781006381591979144e-04,8.254135354872245151e-05,1.606297617911974618e-05,1.696842653720521835e-06,1.678137029125565051e-06,1.749646601993895019e-06,1.773652070455903038e-06,1.866422429803268849e-06,1.922108505962193880e-06,2.024688443186698314e-06,2.079708455112495332e-06,2.131654897572006890e-06,2.271443823607044175e-06,2.301829003159993084e-06,2.299645278992390682e-06,2.548840024398076242e-06,2.832781249608340191e-06,2.885439494600206540e-06,2.957014867983119437e-06
1.000000000000000000e+05,7.794889766335898109e-04,5.592184087364451871e-04,5.405845254668487576e-05,4.165044987906182704e-06,2.748613580645813028e-06,2.732896742833971230e-06,2.727014780745060067e-06,2.775300395598887637e-06,2.772315649707977273e-06,2.906199769292101561e-06,2.910879940514712300e-06,2.980099614213873423e-06,3.087885755430120159e-06,3.199736236498646802e-06,3.349879108514360251e-06,3.345479748706435857e-06,3.472874577527758094e-06,3.500973799423617223e-06,3.515112790707635932e-06,3.599969879436465013e-06
1.000000000000000000e+05,8.705463923825884805e-04,6.029369092581121506e-04,2.698009303669805575e-04,2.568746861520828316e-04,3.521198441032305851e-06,2.840930494463310989e-06,2.832656254612735930e-06,2.648961194426274851e-06,2.606406274809620601e-06,2.665964362460023672e-06,2.584382158363192115e-06,2.500738544425317369e-06,2.562241213896320212e-06,2.679532664211568331e-06,2.534394891192827083e-06,2.506848132542237860e-06,2.661832307492051244e-06,2.700781468903239671e-06,2.473418171136016827e-06,2.479872932055909500e-06
1.000000000000000000e+05,7.464578374192426318e-04,6.398964617203166437e-04,4.352955369468981844e-05,5.047927601366056351e-06,2.262779494676098424e-06,2.426067409685436203e-06,2.476033320914711141e-06,2.464969687166335201e-06,2.689810091626682338e-06,2.694915966269956519e-06,2.782329348979030933e-06,3.037357006519427311e-06,3.159411677381291975e-06,3.156556153572334721e-06,3.381743990000258206e-06,3.526593425475345585e-06,3.642760920293687702e-06,3.616126019724980615e-06,3.899404967516896994e-06,3.891322007828505175e-06
1.000000000000000000e+05,9.112123667924682544e-04,7.057281431482395487e-04,2.969862475027458429e-05,5.929284395541015363e-07,6.025143098124586245e-07,4.947261566808871328e-07,5.042793481543422446e-07,5.199958439516369164e-07,5.310060638987996311e-07,5.838469502668495550e-07,5.888133490061237457e-07,5.898670231166500700e-07,6.148382679395255887e-07,6.175858239895673654e-07,6.415236013627194956e-07,6.409730617931975328e-07,6.499381723475234253e-07,6.472704057976455648e-07,6.796059422667537358e-07,6.836528650671199767e-07
1.000000000000000000e+05,7.516814270925189318e-04,7.002431019902523139e-04,1.507089188082295808e-04,1.019479092860591857e-04,3.012672888901369142e-06,2.812079566067230202e-06,2.668132030282517101e-06,2.241442051037576090e-06,2.210948820409238399e-06,2.217887547328737522e-06,2.138096586341207759e-06,1.992672058894235198e-06,1.993007602151204341e-06,1.967299073942310726e-06,1.842524909558378708e-06,1.780006106142499130e-06,1.719466740927917034e-06,1.701250720044134104e-06,1.367308765814523346e-06,1.412898756292125351e-06
1.000000000000000000e+05,5.882204946993519878e-04,3.489075820964909346e-04,5.627466087101048049e-05,1.597985172107557883e-05,1.713468681080348470e-06,1.351093179880973770e-06,1.376313525896045975e-06,1.385357445395286991e-06,1.446859013035561136e-06,1.416324010025086529e-06,1.436792440140584017e-06,1.568396061681075152e-06,1.630865838506982553e-06,1.564455946434329570e-06,1.571523012033669930e-06,1.596699854057692893e-06,1.701332416933897213e-06,1.716353512206102513e-06,1.711002885993340305e-06,1.714467964266072423e-06
1.000000000000000000e+05,8.468252277507645883e-04,4.696023708398147558e-04,1.381630165418741243e-05,1.924235952463386007e-06,1.623170984517954895e-06,1.483017060668253598e-06,1.508860687891714442e-06,1.519500820433084377e-06,1.501895508626686411e-06,1.521014570924353126e-06,1.516203073580541150e-06,1.552890915560012406e-06,1.551951820677099353e-06,1.603709842935102259e-06,1.603913282516466178e-06,1.612744432941375752e-06,1.637898921112718935e-06,1.656884372621861972e-06,1.633940834604278638e-06,1.659445141315870765e-06
1.000000000000000000e+05,7.081117761188265251e-04,6.076672698873988821e-04,4.921239920828055051e-05,1.631025915535163694e-06,1.608573978386588790e-06,1.581181663818704220e-06,1.576708851599844913e-06,1.643277410774951300e-06,1.556465012560324125e-06,1.553442368286248623e-06,1.384075788366552089e-06,1.366027972820381227e-06,1.345111962407793877e-06,1.314143532172873907e-06,1.209736693571902723e-06,1.220670099775375098e-06,1.230687999036846686e-06,1.249149976154619357e-06,1.244044990046817004e-06,1.299248053839861247e-06
1.000000000000000000e+05,5.152907282024219273e-04,5.072144148651640044e-04,1.911425182161370423e-04,1.664144089570931886e-04,5.364469331268461032e-06,3.315577399074590074e-06,3.426523374108156383e-06,3.442116188280062871e-06,3.742990288274790531e-06,3.821129700184595043e-06,3.821431648949661984e-06,3.849042171227217113e-06,4.157119721881178796e-06,4.336773840817985330e-06,4.399778360118366139e-06,4.455841595365975809e-06,4.725884314248187002e-06,4.755275924283756394e-06,4.926305227385810976e-06,4.940649931075561838e-06
1.000000000000000000e+05,6.598253404253389114e-04,3.875815347115365108e-04,1.852149364582334195e-04,1.480839474631450749e-04,2.388926303339711802e-06,1.888708084786609548e-06,1.860355691090758842e-06,1.943776817185912297e-06,2.031610212805275858e-06,2.081922985276187135e-06,2.043795754702533653e-06,2.071088104113664201e-06,2.231640050164796361e-06,2.237254503190652269e-06,2.304947228826473293e-06,2.341099833058338596e-06,2.461612139370360876e-06,2.584374429563827136e-06,2.666985252619456704e-06,2.525639976307976278e-06
1.000000000000000000e+05,5.965493473504860852e-04,5.180061614339549628e-04,3.080394683418782691e-04,2.862953748585453503e-04,2.236076605199809845e-04,2.309414049173785646e-06,2.362376495036261057e-06,2.287999920598422929e-06,2.301330343563292105e-06,2.440030546982369742e-06,2.486237265980267404e-06,2.437857182150200847e-06,2.680704676855944195e-06,2.801382631409212811e-06,2.813685300182919189e-06,2.831332666430234310e-06,3.175664800853145710e-06,3.238029225962402844e-06,3.314030594360227198e-06,3.404589801438965654e-06
1.000000000000000000e+06,6.684752579847940898e-04,5.665252843275674728e-04,3.642180528203266190e-05,1.554282138794054205e-07,9.623571860855521334e-08,8.692715284502827529e-08,8.899741020889585220e-08,8.863001683426743151e-08,8.131064853951210318e-08,8.640878704741189958e-08,8.733445465733130166e-08,9.145740543323066738e-08,9.267836617690471898e-08,9.826605661584855830e-08,1.007074773561060046e-07,1.000114151653661013e-07,1.046007003865203592e-07,1.054462852001678134e-07,1.064010038047744192e-07,1.045681896741508867e-07
1.000000000000000000e+06,6.498662129969905166e-04,5.049823701042202313e-04,2.163316500827891942e-05,3.778239223673469302e-06,4.800546036700936231e-07,1.891930398060546592e-07,1.831237576907960901e-07,1.851641568761377005e-07,1.908262873509006565e-07,1.964764312524463581e-07,1.960745772778513058e-07,1.902306516021408023e-07,1.908817002252325179e-07,1.917766307484474361e-07,1.932868681996178458e-07,1.977046201121875357e-07,2.004716461131840196e-07,1.999910650229234427e-07,2.220007596820910451e-07,2.224433099509545573e-07
1.000000000000000000e+06,6.496458946368116995e-04,5.386405336574908711e-04,1.716694139047587734e-04,8.300547451042184624e-06,4.470419210809837531e-07,2.569938162157183267e-07,2.552233759596258528e-07,2.530925333441988545e-07,2.533660108500673141e-07,2.620272523710436381e-07,2.720256391906052210e-07,2.726548690452801346e-07,2.752988361037522680e-07,2.748797553492012390e-07,2.776815731566763435e-07,2.811635945474715119e-07,2.873960585459688373e-07,2.862431455848668012e-07,2.918598245335682527e-07,2.924979429331211452e-07
1.000000000000000000e+06,7.013036579926221030e-04,6.747090460959156120e-04,3.436066219807978016e-05,2.705954408366685760e-07,2.390766744113365097e-07,2.249008982220170868e-07,2.497007202773495934e-07,2.516477402257497531e-07,2.586102154271156721e-07,2.607925959611614102e-07,3.266553220123283123e-07,3.776057940023973617e-07,3.767015259863186262e-07,4.072606408480383232e-07,5.803837522103655207e-07,6.050884709510091359e-07,6.249523580458640001e-07,6.647946692608597923e-07,8.117013979809932008e-07,8.512432103103443373e-07
1.000000000000000000e+06,6.471208250395879156e-04,3.452043593920402133e-04,2.460042352709386002e-05,1.864365844280115354e-06,3.693018366862384010e-07,1.857047217003120720e-07,1.882110617460897280e-07,1.827862710775793606e-07,1.824058542497040940e-07,1.829246637365896186e-07,1.828274059371514692e-07,1.856887368594789958e-07,1.743244138634329964e-07,1.755270992435006600e-07,1.729643208528527607e-07,1.597650363986539124e-07,1.512654506748245476e-07,1.500954834312869423e-07,1.384266098702534659e-07,1.391606448880841775e-07
1.000000000000000000e+06,6.190425733855177632e-04,3.751998316355957259e-04,3.574134299114684597e-05,1.300571434242509490e-05,6.406992647663971479e-07,2.182928237243907568e-07,2.040000138224641953e-07,1.996851891826705977e-07,1.789278080584569639e-07,1.926396997390750014e-07,2.032696515846746010e-07,1.993996968241766974e-07,1.685863715392247947e-07,1.704213655829095604e-07,1.712906361847241726e-07,1.703487170386118031e-07,1.701011826934272222e-07,1.676203295193978938e-07,1.714654819923741444e-07,1.685405968813129170e-07
1.000000000000000000e+06,7.997683919429655680e-04,3.527399896651288989e-04,5.851701335309518898e-05,3.476335602024017030e-05,4.958820458518760409e-05,3.062010274047264725e-07,3.059174665047129414e-07,2.885241568709645729e-07,2.916323088709206852e-07,2.940284293030679769e-07,3.032785660184584752e-07,3.073765358029538498e-07,3.087475486415592262e-07,3.312459936038008998e-07,3.467954161787232138e-07,3.585559046995872955e-07,3.697126632470673529e-07,3.755280973094863114e-07,4.283477746369608016e-07,4.333506044367966465e-07
1.000000000000000000e+06,6.667132405041766713e-04,5.456193624777524662e-04,2.539285165664391993e-05,1.089989498394666492e-07,1.082895706267449042e-07,9.771667902790804256e-08,9.518186264780354593e-08,9.515139099032154187e-08,9.965875280981607277e-08,1.009177040893982154e-07,1.024376114738220769e-07,1.030445839703916791e-07,9.893635356795269393e-08,9.902445084134537746e-08,1.004560514498036475e-07,1.009602509357213127e-07,1.000250385461778587e-07,1.001231374421672490e-07,1.089663611364778366e-07,1.057948447298168407e-07
1.000000000000000000e+06,5.533068645455015318e-04,5.142474490272138602e-04,3.655050664413777000e-05,2.196389056046053664e-07,2.190283832137428158e-07,2.348968133572314857e-07,2.482537467521607035e-07,2.508881221155014744e-07,2.494456821419482764e-07,2.535188001941574192e-07,2.525857219823694395e-07,2.719583104998651303e-07,2.741101515823306804e-07,3.014825164378691740e-07,3.120057634161539924e-07,3.200487533704352879e-07,3.849665660490281424e-07,3.899265956094542690e-07,4.035335807418042747e-07,4.349375950105949660e-07
1.000000000000000000e+06,7.611499307575026732e-04,6.467448779623299936e-04,3.261433610329479607e-05,2.893748028505726502e-07,2.722083672641312162e-07,2.539321892253689423e-07,2.488712913725662795e-07,2.494513707556227864e-07,2.499498088627369148e-07,2.458186389127973226e-07,2.508648225202854677e-07,2.558041774655957592e-07,2.569493380813336541e-07,2.652024491802099212e-07,3.035269368302804039e-07,3.163446141839171051e-07,3.190429656103126881e-07,3.250289619808887524e-07,3.745962520575510074e-07,3.674453262939793119e-07
1.000000000000000000e+06,6.418498327791310283e-04,3.155039888674490440e-04,1.728897445170684839e-04,1.554910132573538592e-05,9.061367322691802317e-07,3.348128684752425450e-07,3.597816667843084813e-07,3.185918718973120887e-07,3.136753001244201247e-07,3.334909672322423697e-07,3.442389574849026908e-07,3.383463939766448177e-07,3.049557141600140687e-07,3.049081356938100403e-07,3.057791555409528084e-07,3.051226920800518064e-07,2.929568348810969603e-07,2.957535101961674425e-07,2.980600891044572301e-07,2.976123339836054910e-07
1.000000000000000000e+06,9.084157119720392493e-04,6.984245456874312290e-04,2.999471531337348658e-05,3.142096219868519951e-07,2.751537774012495806e-07,1.144361392623300819e-07,1.107878792680091889e-07,1.125295962677419193e-07,1.078537150808053874e-07,1.091509580300472520e-07,1.103167357118264506e-07,1.124279389419561637e-07,1.158466046023492009e-07,1.167924577576398243e-07,1.222696487237388473e-07,1.289915077342783892e-07,1.410112879754316013e-07,1.423928581740264239e-07,1.560624974441949180e-07,1.588109215437740389e-07
1.000000000000000000e+06,9.312121949982984882e-04,7.236864025494270294e-04,2.630903170184741043e-05,3.555656226601673686e-07,2.982641423021173976e-07,1.871349927598688748e-07,1.927540241339117411e-07,1.981999278897922436e-07,2.024427903334630947e-07,2.082197903364151759e-07,2.061457211284325275e-07,1.972331937391653018e-07,2.014042338350152897e-07,2.091342840582845717e-07,2.081577877180306220e-07,2.222939140120893018e-07,2.358049769469287889e-07,2.429048219144975361e-07,2.372991239057729177e-07,2.431035007933494189e-07
1.000000000000000000e+06,5.648371457515602347e-04,5.300516249440211450e-04,5.699918802667749431e-05,2.409272833417734713e-07,2.440857486140453038e-07,2.532686208295008088e-07,2.531167987979539635e-07,2.658983704483762903e-07,3.373521926037179129e-07,3.050729024881841668e-07,3.195478958882646715e-07,3.805240010245460919e-07,3.953230113730940176e-07,4.134612997866676074e-07,4.340066694623573747e-07,4.388184793401824568e-07,4.431120279849968230e-07,4.263228677395078776e-07,4.759209099597605433e-07,4.753847941549515341e-07
1.000000000000000000e+06,4.839545963670518060e-04,6.749875151510619116e-05,2.415963243572558189e-05,2.029720537380151101e-05,9.971264518659705652e-07,1.492655935291200290e-07,1.482528186699787875e-07,1.505943865802864456e-07,1.592198374357542038e-07,1.373553363136729260e-07,1.362346573607005650e-07,1.379341109568026715e-07,1.382131659510315313e-07,1.304680127218644182e-07,1.390883355394904831e-07,1.433857429311836603e-07,1.484329813784056962e-07,1.453382480044396178e-07,1.607995243385012634e-07,1.615562964710450103e-07
1.000000000000000000e+06,5.983323121177634143e-04,5.016512193739693874e-04,3.607756825716610858e-05,5.120141599425869880e-07,5.116941821767155054e-07,5.827148680745105085e-07,6.069742010958120067e-07,6.621002606656682342e-07,7.015035533900632773e-07,7.161855293290560379e-07,7.246441189332827834e-07,7.966364346171412703e-07,8.377394632757211293e-07,8.408652733351881858e-07,8.699069798039848655e-07,9.023910543733545284e-07,9.599141508877269414e-07,9.768320043701798243e-07,1.079539728723756735e-06,1.089020042219865547e-06
1.000000000000000000e+06,9.009344811240326944e-04,7.040478416920269112e-04,2.419031364407725981e-05,3.971144677057865421e-07,3.115547196116552225e-07,3.180434143376451245e-07,3.176584217293120335e-07,3.145944985267479501e-07,3.198440555006220180e-07,3.285430978048308148e-07,3.270042637502357250e-07,3.176930075554723321e-07,3.165122093571331642e-07,3.582416805441809391e-07,3.715080550938992748e-07,3.724690741864087927e-07,4.051222467888321606e-07,4.154647132678318571e-07,4.330476675231802072e-07,4.316925084130360970e-07
1.000000000000000000e+06,8.984788776055170926e-04,7.300909400571016852e-04,3.801029323481685054e-05,1.363070734269020951e-07,1.492183767979158564e-07,1.629549983733758670e-07,1.622555797327271765e-07,1.595264215838935996e-07,1.697797075576093312e-07,1.711111347844257634e-07,1.754693733814280393e-07,1.913808862537287938e-07,1.926051506222408434e-07,1.961914850076561972e-07,2.063256470544930779e-07,2.085324828602273703e-07,2.073239651350415525e-07,2.082014197739273969e-07,2.113520077459848526e-07,2.098526405987580456e-07
1.000000000000000000e+06,5.412121152069502162e-04,4.723235802171881761e-04,4.177418695515784712e-05,1.830988178470529735e-07,1.773581280696216681e-07,1.889416887070698635e-07,1.848960359485949353e-07,1.850960454896789944e-07,1.831665754639130450e-07,1.734225425132497512e-07,1.762815823702024024e-07,1.773806356211374044e-07,1.788063842067952423e-07,1.730960071038564327e-07,1.757643162315970384e-07,1.810688828320765825e-07,1.686439276207326481e-07,1.718743869777985206e-07,1.772361507383554449e-07,1.775150577197653271e-07
1.000000000000000000e+06,7.546143952601522134e-04,5.733378130964646591e-04,2.933462687544896778e-05,1.692018536867225700e-07,1.661391715833747398e-07,1.126339446114466512e-07,1.187155794295503630e-07,1.160110626384099026e-07,1.196351690434027125e-07,1.195248338476816782e-07,1.223282252334097531e-07,1.251159801211992449e-07,1.302315012602453549e-07,1.210307947649239961e-07,1.175173165297612994e-07,1.214003109868890202e-07,1.160139082555393114e-07,1.176351714932136193e-07,1.237682090558292823e-07,1.226601625189516161e-07
1.000000000000000000e+07,6.806393992504922857e-04,5.199046427167920746e-04,3.784433825379803726e-05,7.457755974924216918e-08,2.228601481697178072e-08,2.222277026422807259e-08,2.273421626859921950e-08,2.379321434936639094e-08,2.541184680806107059e-08,3.004537830088287487e-08,3.440901575766166927e-08,3.467532466618144899e-08,3.487406115093495292e-08,4.127410815411883346e-08,4.771197386594023672e-08,4.776030050003531434e-08,4.626583579318203603e-08,4.761070523578090901e-08,4.790562055969590304e-08,4.672026662154432909e-08
1.000000000000000000e+07,5.660332560176997360e-04,5.433882105009981518e-04,2.648185092457141176e-05,4.064796617581790442e-08,3.882503755867879203e-08,1.780902324987358942e-08,1.723402019335426601e-08,1.667017347071748580e-08,1.738012168362217943e-08,1.821309815917611940e-08,1.830232517366813636e-08,1.900973750363600161e-08,2.470491523909233535e-08,2.318304456586504953e-08,2.519213070820779078e-08,2.539640354306346852e-08,2.681083614359057535e-08,2.706407612621484861e-08,2.793789668911288064e-08,2.806220797284182436e-08
1.000000000000000000e+07,5.537832315973170282e-04,4.901835879164862658e-04,2.613939694347255926e-05,1.732942841842281781e-08,1.798145665140541112e-08,1.713552951162130126e-08,1.759554771430626798e-08,1.788340954017210774e-08,1.835821118964365158e-08,1.844529212328397904e-08,1.855058550741293163e-08,1.959256377497863556e-08,2.127085785565099772e-08,2.034269623648065159e-08,2.175581590546673305e-08,2.334785376576965299e-08,2.423390998902731839e-08,2.422804281983696970e-08,2.556206178298022028e-08,2.560280117816186656e-08
1.000000000000000000e+07,8.266780725477261430e-04,7.063523205245086705e-04,2.904787028438531312e-05,1.028833756974222119e-07,7.550087306161669519e-09,7.185032490013317691e-09,6.916019489450971556e-09,6.766101073329672084e-09,6.916544610146743747e-09,7.485355970503639179e-09,7.277243184919861511e-09,7.316102486447821466e-09,7.496555916381607219e-09,7.588153697620513269e-09,8.047639639678005661e-09,8.341250200523393961e-09,7.885828089381993743e-09,8.186958245478849030e-09,7.376327272354445477e-09,7.493214755461317184e-09
1.000000000000000000e+07,9.412386343204467033e-04,7.322774013283335579e-04,2.998668449474458712e-05,9.645507943961459403e-08,3.329219346057252716e-08,2.286775824041278469e-08,2.232870120157366976e-08,2.014859340491537195e-08,1.891663815787596997e-08,1.688100265978684277e-08,1.383310423489298028e-08,1.395201498567465250e-08,1.402383617397529430e-08,1.286973941497636149e-08,1.205583585684398850e-08,1.241818883480618329e-08,1.331082738076656393e-08,1.340095812374006231e-08,1.330681924323465431e-08,1.357802136590818227e-08
1.000000000000000000e+07,7.873231062812886035e-04,6.483918833901288490e-04,2.627775726439324371e-05,8.992172148919500786e-08,6.997257130949504541e-08,2.190730411413331536e-08,2.012990307204781296e-08,2.072256513131746001e-08,1.967986343776343963e-08,1.969240553730034368e-08,1.991404883473620361e-08,2.104521949969567993e-08,2.140891067114854870e-08,1.936849347860521361e-08,1.908889137222094721e-08,1.891915087125450988e-08,1.757836548997595999e-08,1.750487252835965996e-08,1.812354702260818805e-08,1.810174452829969024e-08
1.000000000000000000e+07,7.779534768491383652e-04,7.543608472482282072e-04,3.477405342616410322e-05,9.689779236969826173e-08,9.484290439802166219e-08,4.438163941270724866e-08,4.701046543796970261e-08,4.708988638916716692e-08,4.961423863184419379e-08,5.237573910031260132e-08,5.273377497383951844e-08,6.361924899013975439e-08,6.942297669335168788e-08,6.938433951103797269e-08,7.832907774423448854e-08,8.605178781183378190e-08,1.011120776278172740e-07,1.007305461178269529e-07,1.036055075082488253e-07,1.074267781475765140e-07
1.000000000000000000e+07,5.488732827113655633e-04,4.924995828269805543e-04,3.189771709555697609e-05,2.716883365255856298e-08,2.809439474745933385e-08,2.783669775726849741e-08,2.886512397081577482e-08,2.984258092829401563e-08,3.045472539439830531e-08,3.131452074949356835e-08,3.147904345276856851e-08,3.337750237576871974e-08,3.406188669825170364e-08,3.458795236221791321e-08,3.882390364807749725e-08,4.163253293553085960e-08,4.917163922191046857e-08,4.975342847213472187e-08,5.205818229587715206e-08,5.311540929571242106e-08
1.000000000000000000e+07,5.604834544471302840e-04,5.004702076079410762e-04,2.764131772459576007e-05,2.382413518241928743e-08,2.475361821256980538e-08,2.452948165180554965e-08,2.362058468408152637e-08,2.494218142512784535e-08,2.608332484585756008e-08,2.854047944846145491e-08,2.969027997202866897e-08,2.797475035591296464e-08,2.851754429650104221e-08,2.861233503588829558e-08,2.955570616207394998e-08,2.958828753188697284e-08,2.900221115687448056e-08,2.925210918465359393e-08,3.052773444616397904e-08,3.078554007849712482e-08
1.000000000000000000e+07,5.521663272110306081e-04,3.304274903985234381e-04,3.090390374919097438e-05,4.404891729606727077e-06,1.886787662842287510e-07,2.906718527372994414e-08,2.814008430725472925e-08,2.551985235805863305e-08,2.511336516207503142e-08,2.604057017557683731e-08,2.639977036581338075e-08,2.287929711656593918e-08,2.260860818786675099e-08,2.365447555616475192e-08,2.017711027644469504e-08,2.005831365038187776e-08,2.042274133623479452e-08,1.994181752159552575e-08,1.808250574555351474e-08,1.893745294140944882e-08
1.000000000000000000e+07,5.388427000679760171e-04,5.040473099386261766e-04,3.965252759309849455e-05,3.121762737355693406e-08,3.329654868135674234e-08,3.349078133403687088e-08,3.090691597091148547e-08,2.982313501743266113e-08,3.280366518448293835e-08,3.272088899761380892e-08,3.324321146093404791e-08,3.313033521057977951e-08,3.199726138208689349e-08,3.228758141973766091e-08,3.240206842306568309e-08,3.353085792468215328e-08,4.119714998907615663e-08,4.121467307319064174e-08,4.695434061277705277e-08,4.701708596050201758e-08
1.000000000000000000e+07,7.068304089887566871e-04,6.102413268630537410e-04,3.010745126470038992e-05,8.406925076569211215e-08,2.311129425420690786e-08,2.252601916519823077e-08,2.294362393431874529e-08,2.355070509170251873e-08,2.424694510378091953e-08,2.441510002393213113e-08,2.520337382338905539e-08,2.542955847396166783e-08,2.647912597024886327e-08,2.638946291926970433e-08,2.838220264636729229e-08,2.962892253406640809e-08,2.881939715123277528e-08,2.897947590572444598e-08,2.990618204435954727e-08,2.955560987014537399e-08
1.000000000000000000e+07,8.329745797308403706e-04,6.663157892611464624e-04,2.694873014610322609e-05,8.585244036278204216e-08,4.237022707702193454e-08,2.954558917170264763e-08,3.276794681666664602e-08,3.404255668193758337e-08,3.506009247569368381e-08,3.610190852999172297e-08,3.634855510746283563e-08,4.011704498306307887e-08,4.294958730313263878e-08,4.288631501810682695e-08,4.641866374211086562e-08,4.703187179627069529e-08,4.720706585928560772e-08,4.730253329879217262e-08,4.709447102913449823e-08,4.810956970189263108e-08
1.000000000000000000e+07,5.442828432721600988e-04,5.100046198214280065e-04,3.136646471712712959e-05,1.096313586572964975e-08,1.130422880527112241e-08,1.137727095015023527e-08,1.204780552287041132e-08,1.213085465945861713e-08,1.282742278900172097e-08,1.330467315367823881e-08,1.337708497137825568e-08,1.372316597895096806e-08,1.364229817984474491e-08,1.380081244552512617e-08,1.401382666799027086e-08,1.416833923668700581e-08,1.431171110165510397e-08,1.451705142231894930e-08,1.499420826544024216e-08,1.487148001529725664e-08
1.000000000000000000e+07,6.310321246801964094e-04,5.355727388135714121e-04,2.938899072315100277e-05,3.462812451383470073e-08,3.560969363924742465e-08,2.058984304518127738e-08,2.057920833546698713e-08,2.094861293149066851e-08,2.167754530074898849e-08,2.290260003153429040e-08,2.362468202766691112e-08,2.537968865360004269e-08,2.582950733688610816e-08,2.726512421397861733e-08,2.921232556006683190e-08,2.991546431771570829e-08,3.121080121843513295e-08,3.025283718311788628e-08,3.005837563308736761e-08,3.036531896843273645e-08
1.000000000000000000e+07,7.728027779133010006e-04,5.815923936055009732e-04,3.188442831612239864e-05,2.543965999026055713e-06,1.926992478711192223e-07,3.296620967472965333e-08,3.432568437152934769e-08,3.132935264146815764e-08,3.031140227199809671e-08,3.031101653830693885e-08,3.038497470962241404e-08,3.136128707519010313e-08,3.098223288495647207e-08,3.165455037100131437e-08,3.136323707011898261e-08,3.203443296422529537e-08,3.478772025427239900e-08,3.443973421871415469e-08,3.865592188558014297e-08,3.978560990800979776e-08
1.000000000000000000e+07,6.847373545549958638e-04,5.366045024172659810e-04,2.885345542266016164e-05,7.381643368907406078e-08,2.800770952908165543e-08,2.608526755108624041e-08,2.672236885057486599e-08,2.723083402565578836e-08,2.679855733882202810e-08,2.703886267123201391e-08,2.706439648889881830e-08,2.655189672805929346e-08,2.630664484467784585e-08,2.708555232707080543e-08,2.743403884910303115e-08,2.579915228931858582e-08,2.615639920868964247e-08,2.601439354060163618e-08,2.261215563190669968e-08,2.303320613630413954e-08
1.000000000000000000e+07,7.677560978712017837e-04,5.958096351652128388e-04,2.935056443153985907e-05,6.608190955637814074e-08,6.548832975865826713e-08,2.718047123603641176e-08,2.345812578044727781e-08,2.058019864001128550e-08,2.137338762467475137e-08,2.074454235148528584e-08,2.116493183259783073e-08,2.162558342306549208e-08,1.729411180429146773e-08,1.752742711885445465e-08,1.826862959331752949e-08,1.574683069668660492e-08,1.365802500937177797e-08,1.366646978737442364e-08,1.280586521414020990e-08,1.241318300762189907e-08
1.000000000000000000e+07,5.427124728233594488e-04,5.012065650676495983e-04,2.839242627731493508e-05,1.727150330605329406e-08,1.897298560748792603e-08,1.935210205297050860e-08,1.889283928378205461e-08,1.911246026722068074e-08,1.906266501452764649e-08,1.996019585387114087e-08,2.043054220758021937e-08,2.035914865574796468e-08,2.052769027407030891e-08,2.194302558744681115e-08,2.406451597194943390e-08,2.430556450204294541e-08,2.662018016865169511e-08,2.725114503642959024e-08,2.919649430951639457e-08,2.943062654811743606e-08
1.000000000000000000e+07,9.685120115036803187e-04,7.858200879220544107e-04,2.643728868321592378e-05,9.754886507677626626e-08,5.264777834526680040e-08,2.935401998804199492e-08,2.891016563812345938e-08,3.084654234141439504e-08,3.123530278849648394e-08,3.178003142316163033e-08,3.229933732847987504e-08,3.252356153129939416e-08,3.210703970704751793e-08,3.244585186311254458e-08,3.241454715302248469e-08,3.183548254546449027e-08,3.287075517034092799e-08,3.299543508551514439e-08,3.251710458938944610e-08,3.270545183743107660e-08
